"Quantity","base.from","sector","base.to","demand"
1507059.47013319,1,1,1,1
1061059.16165039,1,2,1,1
275786.215155121,1,3,1,1
392321.469852266,1,4,1,1
528398.394683828,1,5,1,1
394219.728562121,1,6,1,1
9573652.77224435,1,7,1,1
1108392.071088,1,8,1,1
1648176.09136837,1,9,1,1
3135215.19479085,1,10,1,1
374209.841810473,2,1,1,1
170887.270470128,2,2,1,1
248973.790119014,2,3,1,1
50043.8574740891,2,4,1,1
660999.679305367,2,5,1,1
221711.245218127,2,6,1,1
160825.737658065,2,7,1,1
323252.346312555,2,8,1,1
500988.663329823,2,9,1,1
5375.98557948936,2,10,1,1
1745.03222377385,3,1,1,1
1416.75958795568,3,2,1,1
46.9657220216233,3,3,1,1
358.591752164217,3,4,1,1
822.169138758815,3,5,1,1
355.936516758363,3,6,1,1
13773.863714969,3,7,1,1
4927.08328087461,3,8,1,1
2715.81129316739,3,9,1,1
85.8806536027829,3,10,1,1
2158.06469455913,4,1,1,1
3306.38350660721,4,2,1,1
297.278911546132,4,3,1,1
1280.34895690887,4,4,1,1
1997.75157638537,4,5,1,1
2591.86062242708,4,6,1,1
3869.95538205328,4,7,1,1
1320.22921589795,4,8,1,1
3289.45140036937,4,9,1,1
86.5718900686656,4,10,1,1
204580.818858367,5,1,1,1
201054.419736115,5,2,1,1
71498.4958384425,5,3,1,1
83908.8983334571,5,4,1,1
254884.051323162,5,5,1,1
153809.827901457,5,6,1,1
1849627.39888704,5,7,1,1
725341.407070412,5,8,1,1
243293.798746887,5,9,1,1
13800.086733221,5,10,1,1
1076.44531095075,1,1,1,2
3985.59956123429,1,2,1,2
5009.30618612642,1,3,1,2
1046.43775455166,1,4,1,2
3011.53015380193,1,5,1,2
4397.36352880397,1,6,1,2
7254.00437709977,1,7,1,2
56940.0616362207,1,8,1,2
3291.72649151156,1,9,1,2
1173.29397696184,1,10,1,2
9.09973026169836,2,1,1,2
1064.15991989292,2,2,1,2
2088.71624844668,2,3,1,2
2.61240993765509,2,4,1,2
3294.04876710554,2,5,1,2
2990.13300832473,2,6,1,2
209.520962465097,2,7,1,2
936.697715205943,2,8,1,2
570.49464397054,2,9,1,2
0.188247901495656,2,10,1,2
0.275347449170476,3,1,1,2
3.82430321847675,3,2,1,2
0.0646530760498389,3,3,1,2
0.183655702851995,3,4,1,2
0.837941983588573,3,5,1,2
2.7869838735914,3,6,1,2
8.51293276130769,3,7,1,2
28.4895556708608,3,8,1,2
1.20987811199221,3,9,1,2
0.0167338708074693,3,10,1,2
3.26966598256096,4,1,1,2
7.59303296170985,4,2,1,2
0.28745756371259,4,3,1,2
1.48556923207862,4,4,1,2
2.56924148410756,4,5,1,2
16.0233627435924,4,6,1,2
1.19437789787108,4,7,1,2
0.457431722940682,4,8,1,2
1.77468805130676,4,9,1,2
0.0161290448107159,4,10,1,2
90.2527390326116,5,1,1,2
1004.2038163968,5,2,1,2
212.285722681412,5,3,1,2
44.3860582919383,5,4,1,2
768.188590904119,5,5,1,2
1911.94006715231,5,6,1,2
1076.09442308637,5,7,1,2
3654.40621566211,5,8,1,2
157.689566771433,5,9,1,2
6.29473113828207,5,10,1,2
2914.78497303905,1,1,1,3
11891.4285479839,1,2,1,3
1353.31773785964,1,3,1,3
4111.04225194219,1,4,1,3
1453.95498840161,1,5,1,3
79036.4184039914,1,6,1,3
7372.31596473562,1,7,1,3
51636.8950726412,1,8,1,3
2083.0761352883,1,9,1,3
274641.801234902,1,10,1,3
0,2,1,1,3
236.638734446055,2,2,1,3
501.509894668641,2,3,1,3
2.80188274891262,2,4,1,3
736.439764083798,2,5,1,3
47677.398537796,2,6,1,3
125.361485648862,2,7,1,3
6299.42260122996,2,8,1,3
486.449699639453,2,9,1,3
16266.3541326187,2,10,1,3
2.30165390516999,3,1,1,3
2.07636760959878,3,2,1,3
0.0189287920164139,3,3,1,3
0.964231633045158,3,4,1,3
0.234280567367847,3,5,1,3
64.2249213049771,3,6,1,3
3.52844553026179,3,7,1,3
99.4365259084045,3,8,1,3
1.8632255934459,3,9,1,3
158.098180928328,3,10,1,3
106.203890522462,4,1,1,3
180.074407067258,4,2,1,3
0.245854361638693,4,3,1,3
58.704089931747,4,4,1,3
0.576715116408145,4,5,1,3
736.653719526666,4,6,1,3
17.0711840165426,4,7,1,3
27.5827149078894,4,8,1,3
8.36830114934552,4,9,1,3
148.690181978558,4,10,1,3
697.490845581284,5,1,1,3
1396.92178495233,5,2,1,3
89.7741570994992,5,3,1,3
367.716860344964,5,4,1,3
349.711736542068,5,5,1,3
35925.4386321252,5,6,1,3
945.758644188525,5,7,1,3
14959.5781616413,5,8,1,3
512.26441866523,5,9,1,3
28730.6466025804,5,10,1,3
4008101.98725671,1,1,1,4
10707194.8511544,1,2,1,4
759353.639166983,1,3,1,4
1304087.29546677,1,4,1,4
684778.393032223,1,5,1,4
826456.047763278,1,6,1,4
9319626.08450622,1,7,1,4
2334970.41411211,1,8,1,4
639616.124455168,1,9,1,4
82116549.2350949,1,10,1,4
590412.62996489,2,1,1,4
2198887.88149513,2,2,1,4
934205.197552587,2,3,1,4
123734.698896795,2,4,1,4
535048.022528902,2,5,1,4
411600.849231272,2,6,1,4
165379.821744212,2,7,1,4
1004143.01908996,2,8,1,4
108637.349912926,2,9,1,4
169534.738983859,2,10,1,4
2997.33679257765,3,1,1,4
19063.8551202405,3,2,1,4
234.461251161949,3,3,1,4
887.005091441901,3,4,1,4
524.962442052331,3,5,1,4
610.678590957764,3,6,1,4
12318.1687284457,3,7,1,4
11820.0026598152,3,8,1,4
547.859627330567,3,9,1,4
2153.95297117285,3,10,1,4
4661.72131535039,4,1,1,4
22305.9592174954,4,2,1,4
1191.82544167331,4,3,1,4
2930.15575956352,4,4,1,4
1565.70115649158,4,5,1,4
4019.31530358477,4,6,1,4
4694.92883388912,4,7,1,4
2172.17445471065,4,8,1,4
803.610431888675,4,9,1,4
2181.92123956482,4,10,1,4
360203.827582441,5,1,1,4
2697338.87947313,5,2,1,4
280406.696206906,5,3,1,4
190176.23734135,5,4,1,4
198324.434326393,5,5,1,4
259425.793564673,5,6,1,4
1850504.32882035,5,7,1,4
1800273.81267742,5,8,1,4
62072.9375129579,5,9,1,4
357730.128697108,5,10,1,4
275205.212868736,1,1,1,5
390390.931286709,1,2,1,5
35973.328907425,1,3,1,5
94365.3966960464,1,4,1,5
250223.581141079,1,5,1,5
39206.3688191733,1,6,1,5
336345.072787153,1,7,1,5
255346.409117595,1,8,1,5
55266.2943468454,1,9,1,5
278909.991040685,1,10,1,5
39287.6827329795,2,1,1,5
43426.04792686,2,2,1,5
27452.7144252927,2,3,1,5
6850.11500508719,2,4,1,5
82126.3778567048,2,5,1,5
16338.3503260808,2,6,1,5
4876.97685226654,2,7,1,5
42244.9974375955,2,8,1,5
7442.45022948607,2,9,1,5
244.383998067132,2,10,1,5
92.1427023564644,3,1,1,5
351.02682828998,3,2,1,5
4.54532050011704,3,3,1,5
38.9762067875916,3,4,1,5
136.726697994395,3,5,1,5
26.8588925841579,3,6,1,5
249.760679366084,3,7,1,5
411.660033923317,3,8,1,5
42.6727532300632,3,9,1,5
18.0739582077715,3,10,1,5
245.608435468025,4,1,1,5
582.984321581621,4,2,1,5
18.8461326658659,4,3,1,5
161.690372518013,4,4,1,5
271.307950413109,4,5,1,5
267.622048325525,4,6,1,5
133.505876227262,4,7,1,5
105.042982246923,4,8,1,5
43.0727770935856,4,9,1,5
16.100002778594,4,10,1,5
18808.9109701659,5,1,1,5
52123.8328204229,5,2,1,5
8095.49996938049,5,3,1,5
8647.10267845593,5,4,1,5
31820.9115369031,5,5,1,5
12930.2826307629,5,6,1,5
54999.9498202834,5,7,1,5
119052.498683484,5,8,1,5
4273.09496469367,5,9,1,5
1328.75763742723,5,10,1,5
0,1,1,1,6
0,1,2,1,6
0,1,3,1,6
0,1,4,1,6
0,1,5,1,6
0,1,6,1,6
0,1,7,1,6
0,1,8,1,6
0,1,9,1,6
0,1,10,1,6
0,2,1,1,6
0,2,2,1,6
0,2,3,1,6
0,2,4,1,6
0,2,5,1,6
0,2,6,1,6
0,2,7,1,6
0,2,8,1,6
0,2,9,1,6
0,2,10,1,6
0,3,1,1,6
0,3,2,1,6
0,3,3,1,6
0,3,4,1,6
0,3,5,1,6
0,3,6,1,6
0,3,7,1,6
0,3,8,1,6
0,3,9,1,6
0,3,10,1,6
0,4,1,1,6
0,4,2,1,6
0,4,3,1,6
0,4,4,1,6
0,4,5,1,6
0,4,6,1,6
0,4,7,1,6
0,4,8,1,6
0,4,9,1,6
0,4,10,1,6
0,5,1,1,6
0,5,2,1,6
0,5,3,1,6
0,5,4,1,6
0,5,5,1,6
0,5,6,1,6
0,5,7,1,6
0,5,8,1,6
0,5,9,1,6
0,5,10,1,6
3414.42057350251,1,1,2,1
2979.75196778085,1,2,2,1
1808.82477053481,1,3,2,1
10908.3553948957,1,4,2,1
5912.57581304684,1,5,2,1
3241.4873855527,1,6,2,1
62916.455355685,1,7,2,1
2804.39519381053,1,8,2,1
879.421079679319,1,9,2,1
2685.82997290979,1,10,2,1
1984812.36978791,2,1,2,1
115895.499410782,2,2,2,1
233725.996252306,2,3,2,1
951572.31317571,2,4,2,1
490983.625845972,2,5,2,1
128450.808118221,2,6,2,1
4808417.18611802,2,7,2,1
711123.166259355,2,8,2,1
768849.767244552,2,9,2,1
3093958.40704123,2,10,2,1
35.5794917612273,3,1,2,1
8.25540073414333,3,2,2,1
7.62967400999816,3,3,2,1
32.478390485714,3,4,2,1
86.4200023662529,3,5,2,1
11.6193316293453,3,6,2,1
244.251087696494,3,7,2,1
125.856809780698,3,8,2,1
4.16038493367081,3,9,2,1
11.0469718883732,3,10,2,1
185.804359877749,4,1,2,1
254.004501913576,4,2,2,1
31.4543168337498,4,3,2,1
387.408068264677,4,4,2,1
141.197135795953,4,5,2,1
140.600404189745,4,6,2,1
1081.77506675736,4,7,2,1
14.0966152097956,4,8,2,1
29.469162487042,4,9,2,1
8.79557456988985,4,10,2,1
11520.8128379788,5,1,2,1
4678.15609968909,5,2,2,1
23335.2440879817,5,3,2,1
37121.5893115777,5,4,2,1
61403.7339141185,5,5,2,1
21873.979503299,5,6,2,1
160057.464595889,5,7,2,1
7380.33470102692,5,8,2,1
3275.433948271,5,9,2,1
3058.12011502107,5,10,2,1
0,1,1,2,2
0,1,2,2,2
0,1,3,2,2
0,1,4,2,2
0,1,5,2,2
0,1,6,2,2
0,1,7,2,2
0,1,8,2,2
0,1,9,2,2
0,1,10,2,2
0,2,1,2,2
0,2,2,2,2
0,2,3,2,2
0,2,4,2,2
0,2,5,2,2
0,2,6,2,2
0,2,7,2,2
0,2,8,2,2
0,2,9,2,2
0,2,10,2,2
0,3,1,2,2
0,3,2,2,2
0,3,3,2,2
0,3,4,2,2
0,3,5,2,2
0,3,6,2,2
0,3,7,2,2
0,3,8,2,2
0,3,9,2,2
0,3,10,2,2
0,4,1,2,2
0,4,2,2,2
0,4,3,2,2
0,4,4,2,2
0,4,5,2,2
0,4,6,2,2
0,4,7,2,2
0,4,8,2,2
0,4,9,2,2
0,4,10,2,2
0,5,1,2,2
0,5,2,2,2
0,5,3,2,2
0,5,4,2,2
0,5,5,2,2
0,5,6,2,2
0,5,7,2,2
0,5,8,2,2
0,5,9,2,2
0,5,10,2,2
0,1,1,2,3
0,1,2,2,3
0,1,3,2,3
0,1,4,2,3
0,1,5,2,3
0,1,6,2,3
0,1,7,2,3
0,1,8,2,3
0,1,9,2,3
0,1,10,2,3
0,2,1,2,3
0,2,2,2,3
0,2,3,2,3
0,2,4,2,3
0,2,5,2,3
0,2,6,2,3
0,2,7,2,3
0,2,8,2,3
0,2,9,2,3
0,2,10,2,3
0,3,1,2,3
0,3,2,2,3
0,3,3,2,3
0,3,4,2,3
0,3,5,2,3
0,3,6,2,3
0,3,7,2,3
0,3,8,2,3
0,3,9,2,3
0,3,10,2,3
0,4,1,2,3
0,4,2,2,3
0,4,3,2,3
0,4,4,2,3
0,4,5,2,3
0,4,6,2,3
0,4,7,2,3
0,4,8,2,3
0,4,9,2,3
0,4,10,2,3
0,5,1,2,3
0,5,2,2,3
0,5,3,2,3
0,5,4,2,3
0,5,5,2,3
0,5,6,2,3
0,5,7,2,3
0,5,8,2,3
0,5,9,2,3
0,5,10,2,3
30997.5062407952,1,1,2,4
528985.525361566,1,2,2,4
13808.2059373736,1,3,2,4
44410.8756372336,1,4,2,4
9865.64573382461,1,5,2,4
32143.1424903114,1,6,2,4
268015.092024407,1,7,2,4
71578.9824618293,1,8,2,4
3203.31560859914,1,9,2,4
127982.773593966,1,10,2,4
5512152.76688444,2,1,2,4
35872945.7503184,2,2,2,4
1706320.64224342,2,3,2,4
3369706.3313356,2,4,2,4
688021.633297865,2,5,2,4
1202751.31847066,2,6,2,4
19319523.8733325,2,7,2,4
21938383.4040588,2,8,2,4
911757.967858064,2,9,2,4
271606648.927835,2,10,2,4
192.629534880812,3,1,2,4
5036.17614432049,3,2,2,4
58.2614859155575,3,3,2,4
122.921524726392,3,4,2,4
128.023281259302,3,5,2,4
113.571944290745,3,6,2,4
1023.55819853518,3,7,2,4
3589.80594206963,3,8,2,4
13.1987141493159,3,9,2,4
706.580543547425,3,10,2,4
2906.53265474117,4,1,2,4
20076.7410810214,4,2,2,4
271.179316018771,4,3,2,4
1578.9000281153,4,4,2,4
278.538656043996,4,5,2,4
1404.47055034663,4,6,2,4
4959.05426457195,4,7,2,4
338.608725745436,4,8,2,4
150.393355014986,4,9,2,4
562.59688611219,4,10,2,4
69516.0962987548,5,1,2,4
1572633.4288686,5,2,2,4
174029.662725499,5,3,2,4
137900.160517455,5,4,2,4
93458.4178645518,5,5,2,4
209441.840115165,5,6,2,4
649048.313955546,5,7,2,4
189189.260891414,5,8,2,4
11433.436122755,5,9,2,4
187279.553687733,5,10,2,4
617.220758223118,1,1,2,5
3399.5359400121,1,2,2,5
227.838267304464,1,3,2,5
1317.87770893069,1,4,2,5
270.605859306406,1,5,2,5
944.796546127894,1,6,2,5
3624.16910074208,1,7,2,5
2584.48374286004,1,8,2,5
192.027411493276,1,9,2,5
139.040049295165,1,10,2,5
828260.093614076,2,1,2,5
607054.021379322,2,2,2,5
104816.327834735,2,3,2,5
209609.162261881,2,4,2,5
90082.8885638981,2,5,2,5
36810.7911801442,2,6,2,5
599634.478698692,2,7,2,5
2304528.08320725,2,8,2,5
64637.0052232461,2,9,2,5
0,2,10,2,5
6.18125172990404,3,1,2,5
30.331467427822,3,2,2,5
0.936161943664065,3,3,2,5
3.81440122535424,3,4,2,5
3.67697887635719,3,5,2,5
3.42347192383537,3,6,2,5
14.8218180060053,3,7,2,5
132.396742985073,3,8,2,5
0.908441641106929,3,9,2,5
0,3,10,2,5
41.1004575328725,4,1,2,5
144.598785438297,4,2,2,5
4.16138757479013,4,3,2,5
47.1978274679323,4,4,2,5
6.79374333854316,4,5,2,5
40.6098141202982,4,6,2,5
64.3601816908218,4,7,2,5
9.40718251067314,4,8,2,5
6.36863412962909,4,9,2,5
0,4,10,2,5
1932.63666702863,5,1,2,5
9739.53197514132,5,2,2,5
2826.11741952456,5,3,2,5
4326.47080316291,5,4,2,5
2677.40386571615,5,5,2,5
6388.8794395376,5,6,2,5
8909.92986145593,5,7,2,5
6543.77292449454,5,8,2,5
672.94412476545,5,9,2,5
32.9243051427768,5,10,2,5
0,1,1,2,6
0,1,2,2,6
0,1,3,2,6
0,1,4,2,6
0,1,5,2,6
0,1,6,2,6
0,1,7,2,6
0,1,8,2,6
0,1,9,2,6
0,1,10,2,6
0,2,1,2,6
0,2,2,2,6
0,2,3,2,6
0,2,4,2,6
0,2,5,2,6
0,2,6,2,6
0,2,7,2,6
0,2,8,2,6
0,2,9,2,6
0,2,10,2,6
0,3,1,2,6
0,3,2,2,6
0,3,3,2,6
0,3,4,2,6
0,3,5,2,6
0,3,6,2,6
0,3,7,2,6
0,3,8,2,6
0,3,9,2,6
0,3,10,2,6
0,4,1,2,6
0,4,2,2,6
0,4,3,2,6
0,4,4,2,6
0,4,5,2,6
0,4,6,2,6
0,4,7,2,6
0,4,8,2,6
0,4,9,2,6
0,4,10,2,6
0,5,1,2,6
0,5,2,2,6
0,5,3,2,6
0,5,4,2,6
0,5,5,2,6
0,5,6,2,6
0,5,7,2,6
0,5,8,2,6
0,5,9,2,6
0,5,10,2,6
3488.48846314168,1,1,3,1
3964.87494767535,1,2,3,1
355.637010939925,1,3,3,1
1696.80920733903,1,4,3,1
1905.83511814654,1,5,3,1
5780.22254820367,1,6,3,1
34768.8999299591,1,7,3,1
8110.33893522433,1,8,3,1
2010.76442628183,1,9,3,1
518.966845502426,1,10,3,1
14616.0079602743,2,1,3,1
4579.45667279437,2,2,3,1
6220.66596192835,2,3,3,1
3044.87952522195,2,4,3,1
33418.7352619581,2,5,3,1
59868.7180109287,2,6,3,1
13238.9138672789,2,7,3,1
15756.0586247469,2,8,3,1
14472.3052682567,2,9,3,1
0,2,10,3,1
131767.540598758,3,1,3,1
55221.4657455433,3,2,3,1
44693.106696152,3,3,3,1
16070.7502628431,3,4,3,1
82128.4323419151,3,5,3,1
135076.215820321,3,6,3,1
702925.214144635,3,7,3,1
359562.590432891,3,8,3,1
190877.644715387,3,9,3,1
0,3,10,3,1
101.838509929875,4,1,3,1
170.414888187158,4,2,3,1
1.59114178531845,4,3,3,1
62.507949243689,4,4,3,1
47.1180105400555,4,5,3,1
253.014985767441,4,6,3,1
910.84938530622,4,7,3,1
25.1635370249016,4,8,3,1
61.0445468574562,4,9,3,1
0,4,10,3,1
10953.1003745012,5,1,3,1
7089.53207405236,5,2,3,1
1994.41026617087,5,3,3,1
3390.3742643176,5,4,3,1
9135.39478763942,5,5,3,1
16366.6100880376,5,6,3,1
192572.604062252,5,7,3,1
51790.1601424555,5,8,3,1
5979.8351154439,5,9,3,1
80.8769085202708,5,10,3,1
0,1,1,3,2
0,1,2,3,2
0,1,3,3,2
0,1,4,3,2
0,1,5,3,2
0,1,6,3,2
0,1,7,3,2
0,1,8,3,2
0,1,9,3,2
0,1,10,3,2
0,2,1,3,2
0,2,2,3,2
0,2,3,3,2
0,2,4,3,2
0,2,5,3,2
0,2,6,3,2
0,2,7,3,2
0,2,8,3,2
0,2,9,3,2
0,2,10,3,2
0,3,1,3,2
0,3,2,3,2
0,3,3,3,2
0,3,4,3,2
0,3,5,3,2
0,3,6,3,2
0,3,7,3,2
0,3,8,3,2
0,3,9,3,2
0,3,10,3,2
0,4,1,3,2
0,4,2,3,2
0,4,3,3,2
0,4,4,3,2
0,4,5,3,2
0,4,6,3,2
0,4,7,3,2
0,4,8,3,2
0,4,9,3,2
0,4,10,3,2
0,5,1,3,2
0,5,2,3,2
0,5,3,3,2
0,5,4,3,2
0,5,5,3,2
0,5,6,3,2
0,5,7,3,2
0,5,8,3,2
0,5,9,3,2
0,5,10,3,2
0,1,1,3,3
0,1,2,3,3
0,1,3,3,3
0,1,4,3,3
0,1,5,3,3
0,1,6,3,3
0,1,7,3,3
0,1,8,3,3
0,1,9,3,3
0,1,10,3,3
0,2,1,3,3
0,2,2,3,3
0,2,3,3,3
0,2,4,3,3
0,2,5,3,3
0,2,6,3,3
0,2,7,3,3
0,2,8,3,3
0,2,9,3,3
0,2,10,3,3
0,3,1,3,3
0,3,2,3,3
0,3,3,3,3
0,3,4,3,3
0,3,5,3,3
0,3,6,3,3
0,3,7,3,3
0,3,8,3,3
0,3,9,3,3
0,3,10,3,3
0,4,1,3,3
0,4,2,3,3
0,4,3,3,3
0,4,4,3,3
0,4,5,3,3
0,4,6,3,3
0,4,7,3,3
0,4,8,3,3
0,4,9,3,3
0,4,10,3,3
0,5,1,3,3
0,5,2,3,3
0,5,3,3,3
0,5,4,3,3
0,5,5,3,3
0,5,6,3,3
0,5,7,3,3
0,5,8,3,3
0,5,9,3,3
0,5,10,3,3
15965.6567485113,1,1,3,4
164105.367316818,1,2,3,4
3522.1334607583,1,3,3,4
11144.7141249029,1,4,3,4
3972.08664571389,1,5,3,4
10152.7326192232,1,6,3,4
42323.05806886,1,7,3,4
24757.2274366335,1,8,3,4
505.764520577115,1,9,3,4
12639.560408607,1,10,3,4
46051.9159560048,2,1,3,4
307231.872891911,2,2,3,4
67797.102525238,2,3,3,4
21807.6301684832,2,4,3,4
64002.45327334,2,5,3,4
99217.2535041888,2,6,3,4
13907.7359205006,2,7,3,4
48321.1367735478,2,8,3,4
2262.50037965559,2,9,3,4
3783.55756217904,2,10,3,4
788390.455674581,3,1,3,4
1513694.0642639,3,2,3,4
237256.607936602,3,3,3,4
61388.4305386297,3,4,3,4
158354.104064229,3,5,3,4
44465.5219179365,3,6,3,4
771567.274624906,3,7,3,4
274623.080404344,3,8,3,4
66641.7962440546,3,9,3,4
9136914.13035184,3,10,3,4
673.137343590667,4,1,3,4
4506.20962688565,4,2,3,4
21.9805247430427,4,3,3,4
338.881947364205,4,4,3,4
107.405698658461,4,5,3,4
445.773123077488,4,6,3,4
1104.31082888189,4,7,3,4
88.0341608345811,4,8,3,4
26.8875692381901,4,9,3,4
182.572539702685,4,10,3,4
38957.2276902875,5,1,3,4
377272.11011144,5,2,3,4
19766.235843317,5,3,3,4
23041.8407105272,5,4,3,4
18328.5408830383,5,5,3,4
27365.8228607013,5,6,3,4
206568.374607158,5,7,3,4
160115.779594347,5,8,3,4
1459.56064061856,5,9,3,4
16209.7957952771,5,10,3,4
684.396903921642,1,1,3,5
8772.21337370463,1,2,3,5
24.4128039343955,1,3,3,5
458.881031350436,1,4,3,5
98.0118929324904,1,5,3,5
206.702979041732,1,6,3,5
2431.99180201299,1,7,3,5
755.29665767612,1,8,3,5
13.7858793602327,1,9,3,5
99.2277946753693,1,10,3,5
1658.22253998973,2,1,3,5
16540.9747789784,2,2,3,5
270.774767464413,2,3,3,5
890.94810116385,2,4,3,5
1464.55784774442,2,5,3,5
1823.64376131971,2,6,3,5
818.300072327292,2,7,3,5
1459.94197313704,2,8,3,5
35.8884716690678,2,9,3,5
0,2,10,3,5
46212.7470445591,3,1,3,5
42150.6048412585,3,2,3,5
2188.44010173319,3,3,3,5
9101.62662958373,3,4,3,5
3818.32256611904,3,5,3,5
4320.26984892108,3,6,3,5
69335.8817777567,3,7,3,5
33319.9931478365,3,8,3,5
1057.61241101304,3,9,3,5
0,3,10,3,5
32.4252292329695,4,1,3,5
237.087434074898,4,2,3,5
0.729428367451466,4,3,3,5
13.4021065118219,4,4,3,5
2.99712658548952,4,5,3,5
9.14511962236394,4,6,3,5
63.6917454022206,4,7,3,5
3.15066227875825,4,8,3,5
0.940740139461585,4,9,3,5
0,4,10,3,5
1552.78856252686,5,1,3,5
20250.748748652,5,2,3,5
92.3634791678608,5,3,3,5
940.931514584899,5,4,3,5
421.868831496136,5,5,3,5
512.221242706806,5,6,3,5
12086.0061398659,5,7,3,5
4915.19778555728,5,8,3,5
36.3805017294037,5,9,3,5
23.8257089094501,5,10,3,5
0,1,1,3,6
0,1,2,3,6
0,1,3,3,6
0,1,4,3,6
0,1,5,3,6
0,1,6,3,6
0,1,7,3,6
0,1,8,3,6
0,1,9,3,6
0,1,10,3,6
0,2,1,3,6
0,2,2,3,6
0,2,3,3,6
0,2,4,3,6
0,2,5,3,6
0,2,6,3,6
0,2,7,3,6
0,2,8,3,6
0,2,9,3,6
0,2,10,3,6
0,3,1,3,6
0,3,2,3,6
0,3,3,3,6
0,3,4,3,6
0,3,5,3,6
0,3,6,3,6
0,3,7,3,6
0,3,8,3,6
0,3,9,3,6
0,3,10,3,6
0,4,1,3,6
0,4,2,3,6
0,4,3,3,6
0,4,4,3,6
0,4,5,3,6
0,4,6,3,6
0,4,7,3,6
0,4,8,3,6
0,4,9,3,6
0,4,10,3,6
0,5,1,3,6
0,5,2,3,6
0,5,3,3,6
0,5,4,3,6
0,5,5,3,6
0,5,6,3,6
0,5,7,3,6
0,5,8,3,6
0,5,9,3,6
0,5,10,3,6
4120.53578261997,1,1,4,1
35038.1942162742,1,2,4,1
1291.98486030713,1,3,4,1
1824.07794745948,1,4,4,1
3504.13490235355,1,5,4,1
1419.46508432329,1,6,4,1
78224.9334435409,1,7,4,1
9000.84571454367,1,8,4,1
6277.6141832659,1,9,4,1
928.767689853712,1,10,4,1
32524.7590120784,2,1,4,1
88716.6302950763,2,2,4,1
22173.7522435725,2,3,4,1
2606.65127033455,2,4,4,1
90022.5690479284,2,5,4,1
5142.5318713833,2,6,4,1
33597.4437908026,2,7,4,1
25459.240139078,2,8,4,1
66875.9307657232,2,9,4,1
0,2,10,4,1
67.6434184974443,3,1,4,1
724.463045677987,3,2,4,1
0.466857870715399,3,3,4,1
25.3549568361462,3,4,4,1
9.24616020283307,3,5,4,1
4.08851235041139,3,6,4,1
365.019640026937,3,7,4,1
2869.68845361275,3,8,4,1
34.9185993736908,3,9,4,1
0,3,10,4,1
90379.0579611427,4,1,4,1
145000.761268402,4,2,4,1
8885.31304332995,4,3,4,1
51112.5774367151,4,4,4,1
27687.8867899952,4,5,4,1
8701.83765587609,4,6,4,1
674867.206275149,4,7,4,1
23336.2974116595,4,8,4,1
82714.9636730436,4,9,4,1
0,4,10,4,1
17849.2810876799,5,1,4,1
120181.821632391,5,2,4,1
4327.01326056054,5,3,4,1
4380.41466383268,5,4,4,1
20079.4861201648,5,5,4,1
4445.09187255812,5,6,4,1
432083.874665015,5,7,4,1
43511.6635739813,5,8,4,1
18770.7129028438,5,9,4,1
218.196700706981,5,10,4,1
0.0450342462616191,1,1,4,2
0.0182819006310981,1,2,4,2
0.000513549887048973,1,3,4,2
0.00859586171668097,1,4,4,2
0.00181022523773853,1,5,4,2
0.0027181816015767,1,6,4,2
0.0182523608909102,1,7,4,2
0.00885042076392622,1,8,4,2
0.00171691825921749,1,9,4,2
38.8199166113695,1,10,4,2
0,2,1,4,2
0,2,2,4,2
0,2,3,4,2
0,2,4,4,2
0,2,5,4,2
0,2,6,4,2
0,2,7,4,2
0,2,8,4,2
0,2,9,4,2
14.6643112223573,2,10,4,2
5.06368908070609e-05,3,1,4,2
8.555347301488e-05,3,2,4,2
1.45464137487642e-05,3,3,4,2
1.07429743804775e-05,3,4,4,2
6.42012707552068e-07,3,5,4,2
1.14032560616019e-05,3,6,4,2
2.60441775193318e-05,3,7,4,2
0.000147603907234004,3,8,4,2
9.77970117973066e-06,3,9,4,2
0.72819165216831,3,10,4,2
85.6178334380825,4,1,4,2
10.1178837928221,4,2,4,2
0.784183655114415,4,3,4,2
3.11298099113109,4,4,4,2
1.75398138783686,4,5,4,2
2.04312836244804,4,6,4,2
9.89906762800519e-05,4,7,4,2
11.1044276629028,4,8,4,2
0.10613612522671,4,9,4,2
63128.7930857078,4,10,4,2
0.016938971307738,5,1,4,2
0.012350606017577,5,2,4,2
0.00393197942979983,5,3,4,2
0.00424105129556963,5,4,4,2
0.00217826437537248,5,5,4,2
0.00286887964556818,5,6,4,2
0.0113045704322215,5,7,4,2
0.0158204837842466,5,8,4,2
0.002697741968506,5,9,4,2
60.5902410064966,5,10,4,2
0.0464395186789303,1,1,4,3
0.0188523787188995,1,2,4,3
0.000529574969094107,1,3,4,3
0.00886409152790728,1,4,4,3
0.00186671246261483,1,5,4,3
0.00280300117661184,1,6,4,3
0.0188219172050494,1,7,4,3
0.00912659397017669,1,8,4,3
0.00177049388383081,1,9,4,3
40.0312738025027,1,10,4,3
0,2,1,4,3
0,2,2,4,3
0,2,3,4,3
0,2,4,4,3
0,2,5,4,3
0,2,6,4,3
0,2,7,4,3
0,2,8,4,3
0,2,9,4,3
15.1219131939443,2,10,4,3
5.22169927042276e-05,3,1,4,3
8.8223131496383e-05,3,2,4,3
1.50003281893046e-05,3,3,4,3
1.10782041690616e-05,3,4,4,3
6.6204643160265e-07,3,5,4,3
1.17590896495185e-05,3,6,4,3
2.68568746192633e-05,3,7,4,3
0.000152209822212835,3,8,4,3
1.00848724519301e-05,3,9,4,3
0.750914552266507,3,10,4,3
115.422486305966,4,1,4,3
13.6400473666146,4,2,4,3
1.05716792354088,4,3,4,3
4.19664912543493,4,4,4,3
2.36456453742114,4,5,4,3
2.75436723829895,4,6,4,3
0.000133450585217338,4,7,4,3
14.970019660494,4,8,4,3
0.143083455497711,4,9,4,3
85104.7259998324,4,10,4,3
0.0174673885257822,5,1,4,3
0.0127358875529432,5,2,4,3
0.00405463892274984,5,3,4,3
0.00437335239499735,5,4,4,3
0.00224621610517283,5,5,4,3
0.00295837536367724,5,6,4,3
0.0116572205164832,5,7,4,3
0.0163140093872782,5,8,4,3
0.00278189898607813,5,9,4,3
62.4803750655028,5,10,4,3
9042.08003162691,1,1,4,4
114455.165669088,1,2,4,4
7043.48437934149,1,3,4,4
6615.47616533339,1,4,4,4
3834.62821143584,1,5,4,4
8217.12968976338,1,6,4,4
89039.9924422692,1,7,4,4
41555.3692246135,1,8,4,4
1034.76237926347,1,9,4,4
3641.940933197,1,10,4,4
65018.0899731739,2,1,4,4
296759.462400218,2,2,4,4
124585.222671934,2,3,4,4
10213.7242366536,2,4,4,4
89229.7982666123,2,5,4,4
32106.5151529053,2,6,4,4
36846.1594692886,2,7,4,4
120829.810198223,2,8,4,4
9268.96934866259,2,9,4,4
746.857868618329,2,10,4,4
165.988866454492,3,1,4,4
2419.19486013669,3,2,4,4
2.32482664346515,3,3,4,4
98.5120023541092,3,4,4,4
11.6996871033331,3,5,4,4
23.9614232843359,3,6,4,4
518.004169099061,3,7,4,4
13615.5975261391,3,8,4,4
5.0313908212168,3,9,4,4
37.0872459850626,3,10,4,4
273022.067585075,4,1,4,4
464296.411501857,4,2,4,4
38133.1498076031,4,3,4,4
76281.3992602102,4,4,4,4
25892.5405350435,4,5,4,4
43890.7919244502,4,6,4,4
297505.810666057,4,7,4,4
105315.888617677,4,8,4,4
30186.8830457174,4,9,4,4
3462834.87279962,4,10,4,4
35360.758106298,5,1,4,4
398842.505434108,5,2,4,4
22148.5044140438,5,3,4,4
15670.7092122644,5,4,4,4
20886.90006034,5,5,4,4
26136.2473772845,5,6,4,4
477143.148898982,5,7,4,4
200071.488174822,5,8,4,4
3219.61678983741,5,9,4,4
3629.58205943604,5,10,4,4
137.576606786027,1,1,4,5
743.669107336409,1,2,4,5
66.0600781490801,1,3,4,5
237.796201514219,1,4,4,5
66.8638863489186,1,5,4,5
109.408002294852,1,6,4,5
142.44957456097,1,7,4,5
494.557920562627,1,8,4,5
10.5410866421754,1,9,4,5
22.832165024159,1,10,4,5
1783.6073683906,2,1,4,5
1876.71029809036,2,2,4,5
1136.80098617718,2,3,4,5
463.984052683667,2,4,4,5
1634.57271204188,2,5,4,5
432.068967494602,2,6,4,5
42.686428111526,2,7,4,5
1437.58827846194,2,8,4,5
96.0275621161438,2,9,4,5
0,2,10,4,5
3.21023088434206,3,1,4,5
15.3830089300467,3,2,4,5
0.0206810741931286,3,3,4,5
4.34781489703629,3,4,4,5
0.218317526852439,3,5,4,5
0.31950979427997,3,6,4,5
2.33828144311496,3,7,4,5
161.934383911025,3,8,4,5
0.0513799427854846,3,9,4,5
0,3,10,4,5
11080.6796523954,4,1,4,5
12252.7182123399,4,2,4,5
92.918969654075,4,3,4,5
3146.96849986174,4,4,4,5
192.030943002371,4,5,4,5
538.644182500287,4,6,4,5
2727.28654495118,4,7,4,5
5555.41536012712,4,8,4,5
511.292443819991,4,9,4,5
0,4,10,4,5
717.790743515062,5,1,4,5
2544.67765545086,5,2,4,5
205.663848723407,5,3,4,5
638.303396755307,5,4,4,5
373.086583378662,5,5,4,5
351.173523373693,5,6,4,5
599.915281765725,5,7,4,5
2356.23527696994,5,8,4,5
32.6447334934065,5,9,4,5
4.79959457805269,5,10,4,5
0,1,1,4,6
0,1,2,4,6
0,1,3,4,6
0,1,4,4,6
0,1,5,4,6
0,1,6,4,6
0,1,7,4,6
0,1,8,4,6
0,1,9,4,6
0,1,10,4,6
0,2,1,4,6
0,2,2,4,6
0,2,3,4,6
0,2,4,4,6
0,2,5,4,6
0,2,6,4,6
0,2,7,4,6
0,2,8,4,6
0,2,9,4,6
0,2,10,4,6
0,3,1,4,6
0,3,2,4,6
0,3,3,4,6
0,3,4,4,6
0,3,5,4,6
0,3,6,4,6
0,3,7,4,6
0,3,8,4,6
0,3,9,4,6
0,3,10,4,6
0,4,1,4,6
0,4,2,4,6
0,4,3,4,6
0,4,4,4,6
0,4,5,4,6
0,4,6,4,6
0,4,7,4,6
0,4,8,4,6
0,4,9,4,6
0,4,10,4,6
0,5,1,4,6
0,5,2,4,6
0,5,3,4,6
0,5,4,4,6
0,5,5,4,6
0,5,6,4,6
0,5,7,4,6
0,5,8,4,6
0,5,9,4,6
0,5,10,4,6
307663.503959476,1,1,5,1
605964.789524283,1,2,5,1
71609.4101363642,1,3,5,1
140412.884449827,1,4,5,1
183123.808024575,1,5,5,1
101711.603202421,1,6,5,1
2545694.09322075,1,7,5,1
323569.409574634,1,8,5,1
298354.550189389,1,9,5,1
48072.5013233603,1,10,5,1
1679356.24120809,2,1,5,1
1288710.72633445,2,2,5,1
849313.45624119,2,3,5,1
306076.475207181,2,4,5,1
1542919.29285775,2,5,5,1
556936.854116804,2,6,5,1
1133228.29397887,2,7,5,1
631889.0949316,2,8,5,1
1627519.81005666,2,9,5,1
6615.26326449147,2,10,5,1
12740.6380099599,3,1,5,1
22282.5899857927,3,2,5,1
920.404078920317,3,3,5,1
4729.28897605803,3,4,5,1
8587.92299612218,3,5,5,1
1014.481837325,3,6,5,1
82775.6123461997,3,7,5,1
41908.8062226359,3,8,5,1
7270.45951914389,3,9,5,1
29.7553096599726,3,10,5,1
20792.593803796,4,1,5,1
32296.4059628444,4,2,5,1
1377.38591750837,4,3,5,1
6361.4518978342,4,4,5,1
3179.7486333017,4,5,5,1
8159.6502147801,4,6,5,1
133390.72908557,4,7,5,1
6517.93398849743,4,8,5,1
21016.2032710086,4,9,5,1
32.2322944934122,4,10,5,1
7764382.46601185,5,1,5,1
6799053.87855364,5,2,5,1
802022.38047715,5,3,5,1
1465567.5211674,5,4,5,1
2005123.55826566,5,5,5,1
978073.620116761,5,6,5,1
28626975.0692976,5,7,5,1
4494080.58276659,5,8,5,1
4053202.59957187,5,9,5,1
1545238.10080559,5,10,5,1
1831.86171865926,1,1,5,2
1647.17297407618,1,2,5,2
201.475669172799,1,3,5,2
421.358516857885,1,4,5,2
889.981749369239,1,5,5,2
36.4315718719312,1,6,5,2
2692.20270163242,1,7,5,2
1068.69505316715,1,8,5,2
422.340186178428,1,9,5,2
489.240781985542,1,10,5,2
17673.0978553895,2,1,5,2
7155.12692601695,2,2,5,2
5774.4026830738,2,3,5,2
2625.45308372686,2,4,5,2
17195.5410942581,2,5,5,2
39.4854769459153,2,6,5,2
3239.22219461526,2,7,5,2
8235.73758654543,2,8,5,2
2083.42586355308,2,9,5,2
401.985217405224,2,10,5,2
29.0576337678107,3,1,5,2
18.6700862155969,3,2,5,2
0.670123270561183,3,3,5,2
3.32128588127924,3,4,5,2
3.87268970056083,3,5,5,2
0.0567851218229343,3,6,5,2
28.5276398417256,3,7,5,2
96.1078886317106,3,8,5,2
1.64908918041602,3,9,5,2
1.23833276502662,3,10,5,2
312.962323362716,4,1,5,2
322.672911086542,4,2,5,2
46.1615885225975,4,3,5,2
76.1515195547289,4,4,5,2
74.0726774895448,4,5,5,2
3.76640043642609,4,6,5,2
275.761967228576,4,7,5,2
54.8407146364582,4,8,5,2
73.8998955444682,4,9,5,2
1.24635573478871,4,10,5,2
21319.4154085251,5,1,5,2
20696.2184721628,5,2,5,2
2743.76142065452,5,3,5,2
8672.56387965962,5,4,5,2
17343.9835557927,5,5,5,2
225.016258026578,5,6,5,2
106130.50031348,5,7,5,2
11112.1171390272,5,8,5,2
5226.85737033973,5,9,5,2
228438.217233061,5,10,5,2
1492.32708968909,1,1,5,3
3124.61709660777,1,2,5,3
668.999116701953,1,3,5,3
698.072129366907,1,4,5,3
1420.27677940504,1,5,5,3
4620.15692125993,1,6,5,3
2905.98036289649,1,7,5,3
3842.98787271502,1,8,5,3
383.291399989173,1,9,5,3
2152.90659676133,1,10,5,3
22002.0853619277,2,1,5,3
10091.7669632116,2,2,5,3
12273.5127190939,2,3,5,3
3483.50882382668,2,4,5,3
23378.2982128108,2,5,5,3
22281.8364746845,2,6,5,3
3755.66095768205,2,7,5,3
14996.9750072674,2,8,5,3
2547.09854136757,2,9,5,3
1978.85523263872,2,10,5,3
41.1970755993216,3,1,5,3
27.0786985809616,3,2,5,3
2.59477994708661,3,3,5,3
3.26847027366879,3,4,5,3
5.44878746967149,3,5,5,3
19.8552352266649,3,6,5,3
31.2161499045373,3,7,5,3
193.612623648963,3,8,5,3
1.41829710138112,3,9,5,3
7.55167062653244,3,10,5,3
482.534205903931,4,1,5,3
484.094207755383,4,2,5,3
78.3572553183712,4,3,5,3
115.001810022471,4,4,5,3
100.974557211912,4,5,5,3
147.868524128171,4,6,5,3
447.600307554332,4,7,5,3
94.5512651009898,4,8,5,3
96.784894577923,4,9,5,3
7.34893676684942,4,10,5,3
56673.3110509862,5,1,5,3
31194.5964680697,5,2,5,3
6122.22134291088,5,3,5,3
10653.1920936549,5,4,5,3
22405.8920920939,5,5,5,3
30355.6838917559,5,6,5,3
135503.392583782,5,7,5,3
40580.5858403059,5,8,5,3
13503.2926403424,5,9,5,3
277449.245911357,5,10,5,3
446017.510918741,1,1,5,4
4114876.76969266,1,2,5,4
323936.269679395,1,3,5,4
311885.680602672,1,4,5,4
165420.937730909,1,5,5,4
264961.121472784,1,6,5,4
2033402.12425463,1,7,5,4
1191993.80270786,1,8,5,4
68044.1028367575,1,9,5,4
656887.550884162,1,10,5,4
1974826.92830065,2,1,5,4
9482268.53179403,2,2,5,4
2948653.95375258,2,3,5,4
582645.4011723,2,4,5,4
1475304.45233134,2,5,5,4
1517577.23302532,2,6,5,4
1213904.16475853,2,7,5,4
2374524.56943729,2,8,5,4
310856.667566594,2,9,5,4
567790.931339922,2,10,5,4
16370.1045304276,3,1,5,4
139301.706898696,3,2,5,4
2840.48457609983,3,3,5,4
8047.89354590246,3,4,5,4
7515.07210409357,3,5,5,4
2541.00437469476,3,6,5,4
64101.3465769664,3,7,5,4
124377.622569358,3,8,5,4
1940.14767807792,3,9,5,4
2787.41906356474,3,10,5,4
41038.2180639173,4,1,5,4
195428.95918788,4,2,5,4
5673.06155417793,4,3,5,4
14066.1022876674,4,4,5,4
3783.2295986018,4,5,5,4
19523.6496542854,4,6,5,4
170308.050068826,4,7,5,4
21687.0950369065,4,8,5,4
4875.95849850537,4,9,5,4
2772.75813110883,4,10,5,4
7667999.57118529,5,1,5,4
45895853.250427,5,2,5,4
3038183.59954783,5,3,5,4
3259322.03197922,5,4,5,4
2302993.57830561,5,5,5,4
3201687.09261223,5,6,5,4
31785566.6992432,5,7,5,4
18223803.7930426,5,8,5,4
2090836.79195468,5,9,5,4
212684608.934653,5,10,5,4
15441.418320849,1,1,5,5
37871.4421423579,1,2,5,5
4094.75078737322,1,3,5,5
14421.0950282322,1,4,5,5
8556.70308163883,1,5,5,5
8293.31776107219,1,6,5,5
157314.866647625,1,7,5,5
30367.7106828495,1,8,5,5
5425.9008565226,1,9,5,5
2185.24441567315,1,10,5,5
78999.5079660083,2,1,5,5
65915.8324104468,2,2,5,5
23250.6057214704,2,3,5,5
14834.5858413352,2,4,5,5
34347.4650258796,2,5,5,5
24680.1897144534,2,6,5,5
55282.779935676,2,7,5,5
43963.3343373971,2,8,5,5
14874.8996482467,2,9,5,5
247.864774319865,2,10,5,5
127.578648310391,3,1,5,5
391.93126125424,3,2,5,5
5.74802145583663,3,3,5,5
53.7713903333971,3,4,5,5
14.5107860327678,3,5,5,5
28.3772936493333,3,6,5,5
1026.13262177657,3,7,5,5
761.334082109599,3,8,5,5
14.7271154077586,3,9,5,5
2.62354867432028,3,10,5,5
1507.69162766775,4,1,5,5
2578.15082968653,4,2,5,5
53.9117896380955,4,3,5,5
289.2632761681,4,4,5,5
76.861120339682,4,5,5,5
179.905672204415,4,6,5,5
1148.04718379448,4,7,5,5
172.239959993591,4,8,5,5
194.018319326944,4,9,5,5
2.58908373946274,4,10,5,5
971893.94705681,5,1,5,5
845533.388548336,5,2,5,5
66100.7335695144,5,3,5,5
132844.319235144,5,4,5,5
83594.8861246263,5,5,5,5
68810.2755483257,5,6,5,5
881802.540528349,5,7,5,5
723910.472656994,5,8,5,5
202751.546943776,5,9,5,5
115173.012481079,5,10,5,5
371.067648683987,1,1,5,6
727.373242144789,1,2,5,6
222.686500452804,1,3,5,6
7765.77713986696,1,4,5,6
6115.35003470859,1,5,5,6
122.12007583411,1,6,5,6
305.100965642093,1,7,5,6
145.294576683133,1,8,5,6
11.6221986385712,1,9,5,6
459.166489282659,1,10,5,6
0,2,1,5,6
0,2,2,5,6
195.78189465808,2,3,5,6
2324.8562639788,2,4,5,6
8041.45318613255,2,5,5,6
6.64650534063683e-05,2,6,5,6
0,2,7,5,6
0,2,8,5,6
0,2,9,5,6
0,2,10,5,6
0.0248566943722296,3,1,5,6
0.0837160742062234,3,2,5,6
0.0120176511053561,3,3,5,6
3.53092595194322,3,4,5,6
2.63557365241878,3,5,5,6
0.00763875757092356,3,6,5,6
0.145902211212014,3,7,5,6
0,3,8,5,6
0,3,9,5,6
0,3,10,5,6
1.02523241500926,4,1,5,6
8.36785510907644,4,2,5,6
0.646188716605715,4,3,5,6
18.0191311196586,4,4,5,6
6.6229533020332,4,5,5,6
0.461019573148108,4,6,5,6
0.385407933501297,4,7,5,6
0.0988561477397525,4,8,5,6
0.136448045862599,4,9,5,6
0,4,10,5,6
7214.38770130893,5,1,5,6
5469.49535541063,5,2,5,6
30255.49723979,5,3,5,6
79282.3601653649,5,4,5,6
28009.0157050897,5,5,5,6
25551.8604017301,5,6,5,6
596805.638702705,5,7,5,6
125833.994419869,5,8,5,6
24294.3368882445,5,9,5,6
314.386031896875,5,10,5,6
