"Quantity","base.from","sector.from","base.to","sector.to"
5783063.31915615,1,1,1,1
228680.482954566,1,2,1,1
5945.19419705312,1,3,1,1
47621.3417813401,1,4,1,1
3702.87966810605,1,5,1,1
6492.29386872582,1,6,1,1
70757.15870015,1,7,1,1
26295.6919698174,1,8,1,1
12552.4565471269,1,9,1,1
96104.9285536425,1,10,1,1
173264.004215225,2,1,1,1
29337.0788241497,2,2,1,1
614.597623526072,2,3,1,1
1490.32258317014,2,4,1,1
2423.83088097309,2,5,1,1
1938.46523954757,2,6,1,1
1623.68106066151,2,7,1,1
4922.78213760237,2,8,1,1
27.6415589378002,2,9,1,1
615.01100359883,2,10,1,1
738.92884108322,3,1,1,1
231.445841980009,3,2,1,1
0.510412266579771,3,3,1,1
22.6533486969649,3,4,1,1
4.22189461945856,3,5,1,1
1.93126950019141,3,6,1,1
47.1797974166373,3,7,1,1
74.522356631682,3,8,1,1
0.202132296287286,3,9,1,1
9.16915185385744,3,10,1,1
286.870783540026,4,1,1,1
307.978428560724,4,2,1,1
2.0499474986582,4,3,1,1
141.662471249595,4,4,1,1
10.4200442765923,4,5,1,1
12.9210055108215,4,6,1,1
39.9636725385537,4,7,1,1
11.2259011010295,4,8,1,1
0.540952585863247,4,9,1,1
7.9795588941328,4,10,1,1
79610.1417033298,5,1,1,1
30916.7037983657,5,2,1,1
249.821888114592,5,3,1,1
5229.76119762456,5,4,1,1
973.937500044958,5,5,1,1
786.478354696911,5,6,1,1
7708.4013851263,5,7,1,1
9168.70389659768,5,8,1,1
50.5826523683359,5,9,1,1
1523.49106918326,5,10,1,1
2391462.34137175,1,1,1,2
12092274.7974151,1,2,1,2
16356.7541390573,1,3,1,2
338023.476017438,1,4,1,2
31384.1518816204,1,5,1,2
69239.1293047134,1,6,1,2
562348.226925404,1,7,1,2
54775.9828677776,1,8,1,2
21177.4812084655,1,9,1,2
226662.39343293,1,10,1,2
558356.214617213,2,1,1,2
402749.745656111,2,2,1,2
3306.1792827873,2,3,1,2
14181.9431804057,2,4,1,2
26658.4880707742,2,5,1,2
17576.2397130134,2,6,1,2
12643.5972062896,2,7,1,2
25607.018069144,2,8,1,2
188.4621645333,2,9,1,2
2103.10079306837,2,10,1,2
2607.59063255995,3,1,1,2
3881.4289532498,3,2,1,2
2.02528559800137,3,3,1,2
217.410806033574,3,4,1,2
50.1237026570362,3,5,1,2
15.6992831110499,3,6,1,2
421.176656185208,3,7,1,2
256.915889199125,3,8,1,2
1.4408967712882,3,9,1,2
40.5963180451434,3,10,1,2
1100.15493846422,4,1,1,2
4780.91291987557,4,2,1,2
10.4713510898044,4,3,1,2
1438.21762582263,4,4,1,2
129.737561241917,4,5,1,2
145.21363535604,4,6,1,2
389.103797256092,4,7,1,2
36.6586130652141,4,8,1,2
4.10325245067175,4,9,1,2
33.6252701013079,4,10,1,2
266503.655107366,5,1,1,2
479276.139806676,5,2,1,2
1262.56679973132,5,3,1,2
48258.1234809246,5,4,1,2
10913.8806673474,5,5,1,2
7948.84788784972,5,6,1,2
67900.4593426823,5,7,1,2
29820.6038742474,5,8,1,2
374.820335570877,5,9,1,2
6281.04389926806,5,10,1,2
70720.811484404,1,1,1,3
34666.9034722763,1,2,1,3
1036570.62505201,1,3,1,3
48387.9794644827,1,4,1,3
22973.1058935889,1,5,1,3
4568.51716433933,1,6,1,3
4404.63242827045,1,7,1,3
16194.8678870316,1,8,1,3
835.746383925368,1,9,1,3
23639.1033747687,1,10,1,3
57939.5357216701,2,1,1,3
13906.122742583,2,2,1,3
42492.9643797871,2,3,1,3
2720.89285296796,2,4,1,3
25104.62967665,2,5,1,3
3841.3543694867,2,6,1,3
734.849308430383,2,7,1,3
8809.07519525812,2,8,1,3
48.0385196544135,2,9,1,3
411.197074916918,2,10,1,3
142.179484379358,3,1,1,3
59.6972438092502,3,2,1,3
43.5802163881728,3,3,1,3
27.7242190270446,3,4,1,3
42.2259473151274,3,5,1,3
1.60733922651882,3,6,1,3
6.92995881594524,3,7,1,3
120.739415714431,3,8,1,3
0.220380267612649,3,9,1,3
5.01076869134954,3,10,1,3
70.0598432495425,4,1,1,3
155.139754056356,4,2,1,3
135.663544310342,4,3,1,3
205.811118916604,4,4,1,3
90.655501433706,4,5,1,3
11.2884151300324,4,6,1,3
13.1896975032168,4,7,1,3
6.84043397331611,4,8,1,3
1.09076988775855,4,9,1,3
5.13095768911245,4,10,1,3
22932.3377480181,5,1,1,3
17345.4023683443,5,2,1,3
18411.0057235878,5,3,1,3
7148.00619218997,5,4,1,3
9050.71483391982,5,5,1,3
930.907310077949,5,6,1,3
1399.0427246389,5,7,1,3
7931.93853227096,5,8,1,3
94.3751523925915,5,9,1,3
998.513613019327,5,10,1,3
324961.088583767,1,1,1,4
165134.86733011,1,2,1,4
7197.6861124153,1,3,1,4
1322491.30489136,1,4,1,4
21103.9182683187,1,5,1,4
21742.547169845,1,6,1,4
49403.0549985293,1,7,1,4
55765.1775134966,1,8,1,4
1961.50492340133,1,9,1,4
72961.5424962173,1,10,1,4
96449.2858464364,2,1,1,4
32570.2270455702,2,2,1,4
1852.29787394426,2,3,1,4
7822.96773406293,2,4,1,4
11606.8382946502,2,5,1,4
4113.77103434174,2,6,1,4
1679.58438032416,2,7,1,4
9685.65661683348,2,8,1,4
40.1236362311147,2,9,1,4
594.815213265443,2,10,1,4
374.103486322962,3,1,1,4
228.208239889154,3,2,1,4
1.51636981098252,3,3,1,4
118.749496186251,3,4,1,4
19.5709104402886,3,5,1,4
3.27600988084181,3,6,1,4
45.4933767450617,3,7,1,4
182.092152009588,3,8,1,4
0.26435285972197,3,9,1,4
11.2513472543124,3,10,1,4
162.449637775226,4,1,1,4
308.230884390231,4,2,1,4
5.68197023557247,4,3,1,4
929.008586569511,4,4,1,4
49.6325241540882,4,5,1,4
22.3352884827046,4,6,1,4
41.7891864732779,4,7,1,4
23.8884649366168,4,8,1,4
0.99550918620965,4,9,1,4
10.9875615916446,4,10,1,4
40677.7018845324,5,1,1,4
33031.8275820434,5,2,1,4
740.966200388847,5,3,1,4
28614.3563139893,5,4,1,4
4233.34502827538,5,5,1,4
1426.97964886341,5,6,1,4
7390.6511783959,5,7,1,4
20554.3160969252,5,8,1,4
79.3252656003215,5,9,1,4
1724.13624998146,5,10,1,4
152592.913339,1,1,1,5
86314.4478262228,1,2,1,5
36505.8933937747,1,3,1,5
87081.3768462545,1,4,1,5
876355.478167933,1,5,1,5
23185.4311642616,1,6,1,5
25827.961500523,1,7,1,5
17020.7065864369,1,8,1,5
1229.79752049923,1,9,1,5
56016.6844024225,1,10,1,5
150345.268304021,2,1,1,5
35719.4584077592,2,2,1,5
6302.24597236328,2,3,1,5
7150.74241012661,2,4,1,5
123323.989161589,2,5,1,5
14754.0595369613,2,6,1,5
1951.79880103709,2,7,1,5
12429.723954526,2,8,1,5
97.8835535474666,2,9,1,5
951.689666183928,2,10,1,5
370.374198446454,3,1,1,5
164.332375139156,3,2,1,5
3.45809480210078,3,3,1,5
86.2042517892771,3,4,1,5
161.936347083141,3,5,1,5
7.90426702951168,3,6,1,5
22.8811825757211,3,7,1,5
90.9548518466851,3,8,1,5
0.49846559607766,3,9,1,5
13.4786464493519,3,10,1,5
152.599357053156,4,1,1,5
258.050322965657,4,2,1,5
12.5129987005571,4,3,1,5
390.459447991292,4,4,1,5
410.482725970985,4,5,1,5
51.069267592273,4,6,1,5
32.7528988954319,4,7,1,5
10.4778640857769,4,8,1,5
1.98462217501732,4,9,1,5
11.789280676425,4,10,1,5
38785.1117366561,5,1,1,5
27447.9999650861,5,2,1,5
1862.91615251676,5,3,1,5
19577.6045079378,5,4,1,5
38348.1189840975,5,5,1,5
3418.26567358313,5,6,1,5
4173.92740043552,5,7,1,5
8941.42043802396,5,8,1,5
227.577549476571,5,9,1,5
2628.60874986563,5,10,1,5
243127.812163675,1,1,1,6
162410.464486656,1,2,1,6
7135.85860289785,1,3,1,6
71265.8985369167,1,4,1,6
22929.6208357397,1,5,1,6
881524.685672787,1,6,1,6
19588.1033161255,1,7,1,6
48678.587307136,1,8,1,6
5599.96371636094,1,9,1,6
56731.6320696401,1,10,1,6
75140.593173912,2,1,1,6
28990.1776183655,2,2,1,6
1238.70802179416,2,3,1,6
2673.77834563944,2,4,1,6
12422.7068590839,2,5,1,6
17448.2047291759,2,6,1,6
1108.20708560107,2,7,1,6
9802.83783470774,2,8,1,6
31.3103680682763,2,9,1,6
492.538174308144,2,10,1,6
284.398811585525,3,1,1,6
217.252064760788,3,2,1,6
0.842978048153507,3,3,1,6
40.1522530461405,3,4,1,6
22.0930701755389,3,5,1,6
17.4077980157584,3,6,1,6
24.1314856361938,3,7,1,6
160.935342120372,3,8,1,6
0.250007441520761,3,9,1,6
7.06872067158273,3,10,1,6
141.901696478557,4,1,1,6
299.353287527485,4,2,1,6
3.46668678796174,4,3,1,6
263.165490185391,4,4,1,6
56.9411572717027,4,5,1,6
139.906557313814,4,6,1,6
26.3379803864306,4,7,1,6
25.1577387554863,4,8,1,6
0.985580036450066,4,9,1,6
8.87983857028251,4,10,1,6
33851.0136268305,5,1,1,6
31303.8201205883,5,2,1,6
428.281095286323,5,3,1,6
9199.15084369939,5,4,1,6
4750.81407766002,5,5,1,6
9349.74848232782,5,6,1,6
4106.46678036963,5,7,1,6
20783.7554328418,5,8,1,6
85.3210976430394,5,9,1,6
1335.08192798433,5,10,1,6
2016430.15961351,1,1,1,7
1096968.38478702,1,2,1,7
7492.09202702545,1,3,1,7
279938.664021245,1,4,1,7
22827.7941247298,1,5,1,7
25730.7774624594,1,6,1,7
17949208.3336705,1,7,1,7
221878.594815971,1,8,1,7
28505.9339980449,1,9,1,7
177288.566223719,1,10,1,7
626694.568441906,2,1,1,7
293413.367503734,2,2,1,7
2608.11020778948,2,3,1,7
16035.3765986629,2,4,1,7
22110.7586442842,2,5,1,7
21718.9140542907,2,6,1,7
83593.4813517632,2,7,1,7
47071.9838480277,2,8,1,7
213.300352175583,2,9,1,7
2084.14240477796,2,10,1,7
4074.11511406706,3,1,1,7
2580.60431354116,3,2,1,7
1.29066874018125,3,3,1,7
324.457016531935,3,4,1,7
41.102729370645,3,5,1,7
19.9474740466788,3,6,1,7
5019.55115143905,3,7,1,7
712.586278841335,3,8,1,7
2.48138818133918,3,9,1,7
167.475672336122,3,10,1,7
1268.53153154416,4,1,1,7
3117.50844832079,4,2,1,7
9.69800489872899,4,3,1,7
1777.14287451233,4,4,1,7
87.2580678429464,4,5,1,7
103.346492979394,4,6,1,7
3649.94672468482,4,7,1,7
97.9574811397059,4,8,1,7
7.88673910290541,4,9,1,7
37.6109580380136,4,10,1,7
330164.346832317,5,1,1,7
333396.758700106,5,2,1,7
959.883066275054,5,3,1,7
58719.9806386208,5,4,1,7
9639.36513959238,5,5,1,7
6302.24641657446,5,6,1,7
766834.730329425,5,7,1,7
88907.0636602664,5,8,1,7
868.827776217309,5,9,1,7
7344.69100790552,5,10,1,7
321236.305268145,1,1,1,8
125503.511469736,1,2,1,8
4162.15878821936,1,3,1,8
42719.1766973149,1,4,1,8
11977.0425663349,1,5,1,8
33296.8128834478,1,6,1,8
56980.6211501221,1,7,1,8
3708417.14960739,1,8,1,8
8588.53358976363,1,9,1,8
42321.9585452238,1,10,1,8
105853.696245581,2,1,1,8
53865.0838042124,2,2,1,8
1216.4671218988,2,3,1,8
2606.94561958856,2,4,1,8
7867.84143494985,2,5,1,8
9404.94687107416,2,6,1,8
4598.44693704204,2,7,1,8
210724.192751263,2,8,1,8
44.1059104847672,2,9,1,8
548.649643928387,2,10,1,8
539.047594612546,3,1,1,8
373.779892691712,3,2,1,8
0.652937395371614,3,3,1,8
40.0944154180845,3,4,1,8
12.7369538125343,3,5,1,8
11.89070416164,3,6,1,8
79.9551830175176,3,7,1,8
4664.0871015427,3,8,1,8
0.392095155255368,3,9,1,8
18.6171161808719,3,10,1,8
419.633867760726,4,1,1,8
524.170392874829,4,2,1,8
4.85238178367017,4,3,1,8
255.666511229151,4,4,1,8
31.8943850480773,4,5,1,8
88.7305203056686,4,6,1,8
106.960954414369,4,7,1,8
731.833402419779,4,8,1,8
2.64044839367704,4,9,1,8
23.5561474124538,4,10,1,8
71187.3704308671,5,1,1,8
55007.1825059403,5,2,1,8
396.028287067728,5,3,1,8
8972.74254675131,5,4,1,8
3547.78690428886,5,5,1,8
4793.43874979942,5,6,1,8
18613.6153171352,5,7,1,8
594781.325635415,5,8,1,8
188.689490234274,5,9,1,8
2562.24698039498,5,10,1,8
479479.332029589,1,1,1,9
131299.617987545,1,2,1,9
2686.62938623891,1,3,1,9
22479.925369218,1,4,1,9
6021.98359394438,1,5,1,9
6050.52763345066,1,6,1,9
45389.3323789133,1,7,1,9
52793.2960824029,1,8,1,9
1587729.51323146,1,9,1,9
107087.692615781,1,10,1,9
115229.176740715,2,1,1,9
32039.8802381475,2,2,1,9
389.567493619262,2,3,1,9
1122.51676221211,2,4,1,9
3122.28134432248,2,5,1,9
1949.46141344469,2,6,1,9
1465.00871610378,2,7,1,9
10689.303652013,2,8,1,9
65.9276766990729,2,9,1,9
840.716750747509,2,10,1,9
441.918389027521,3,1,1,9
250.048062196689,3,2,1,9
0.241287950836998,3,3,1,9
17.330233454076,3,4,1,9
5.05071323029837,3,5,1,9
2.12528982720642,3,6,1,9
41.392221907298,3,7,1,9
204.267614298956,3,8,1,9
1.64754310895555,3,9,1,9
10.9059059769789,3,10,1,9
200.287750294632,4,1,1,9
323.510589782024,4,2,1,9
1.21909146410252,4,3,1,9
95.6017969661016,4,4,1,9
13.8975354853526,4,5,1,9
12.3728695227135,4,6,1,9
37.2995198871789,4,7,1,9
27.3886925767527,4,8,1,9
1.14882058487914,4,9,1,9
9.55393754704582,4,10,1,9
51620.2875437419,5,1,1,9
34115.9482802832,5,2,1,9
140.339188446167,5,3,1,9
3831.09763048038,5,4,1,9
1180.50255014677,5,5,1,9
759.080751189328,5,6,1,9
6909.10964215812,5,7,1,9
24991.5721340443,5,8,1,9
161.842579208484,5,9,1,9
1864.4412658743,5,10,1,9
3699819.99582123,1,1,1,10
591702.919393028,1,2,1,10
15631.8142268632,1,3,1,10
608089.944306651,1,4,1,10
36533.316983694,1,5,1,10
32693.0564040575,1,6,1,10
79408.4011903793,1,7,1,10
31195.4190484323,1,8,1,10
65368.5329518397,1,9,1,10
79309747.9216774,1,10,1,10
808387.628227725,2,1,1,10
190222.119627495,2,2,1,10
3667.9973375509,2,3,1,10
24184.3812438577,2,4,1,10
27239.3237264679,2,5,1,10
11351.697598358,2,6,1,10
6524.79836929441,2,7,1,10
22840.2938324998,2,8,1,10
255.07890912586,2,9,1,10
100270.700412387,2,10,1,10
3452.93945992349,3,1,1,10
1290.5008106452,3,2,1,10
2.54272450210121,3,3,1,10
364.212653366207,3,4,1,10
35.4305262254084,3,5,1,10
10.7731763790105,3,6,1,10
103.862272734606,3,7,1,10
337.67154031151,3,8,1,10
5.21241210571411,3,9,1,10
1175.54769195887,3,10,1,10
1821.16317032728,4,1,1,10
2191.13846800512,4,2,1,10
12.0852008802556,4,3,1,10
2729.26984463011,4,4,1,10
112.648019277126,4,5,1,10
78.7908309702777,4,6,1,10
133.132967875276,4,7,1,10
30.0659749515924,4,8,1,10
7.72192382756368,4,9,1,10
1094.44446891633,4,10,1,10
412767.013638799,5,1,1,10
209194.092498995,5,2,1,10
1449.80307245552,5,3,1,10
92136.3591281003,5,4,1,10
10671.4121339368,5,5,1,10
4900.55917070846,5,6,1,10
19914.1931841451,5,7,1,10
29946.8832243206,5,8,1,10
1345.39584107653,5,9,1,10
203023.709954285,5,10,1,10
3785.3527086173,1,1,2,1
3084.03080604971,1,2,2,1
9.83331124623595,1,3,2,1
281.19028342204,1,4,2,1
22.7485325178032,1,5,2,1
42.086628626537,1,6,2,1
619.032085695609,1,7,2,1
478.003205443082,1,8,2,1
47.5284083397319,1,9,2,1
96.7324578441341,1,10,2,1
12968986.1567235,2,1,2,1
168250.725356672,2,2,2,1
831.99034761867,2,3,2,1
3359.10567135869,2,4,2,1
586.401941166146,2,5,2,1
2787.00697910885,2,6,2,1
25309.5862928082,2,7,2,1
54457.6481565819,2,8,2,1
1051.50369340913,2,9,2,1
1840.18614974175,2,10,2,1
58.7662403282317,3,1,2,1
33.00193701478,3,2,2,1
0.0191070450889559,3,3,2,1
1.25473896171512,3,4,2,1
0.354418478328127,3,5,2,1
0.169465325178198,3,6,2,1
2.97337172891063,3,7,2,1
26.3526414597864,3,8,2,1
0.285298453903991,3,9,2,1
0.234270515653067,3,10,2,1
171.998313957452,4,1,2,1
162.556780855243,4,2,2,1
0.219449428153537,4,3,2,1
17.8253596266287,4,4,2,1
0.623201844849299,4,5,2,1
1.35304851793288,4,6,2,1
14.0033037843676,4,7,2,1
1.20765909092909,4,8,2,1
1.49593614147801,4,9,2,1
0.571614402335792,4,10,2,1
13496.3679774964,5,1,2,1
9579.15081916523,5,2,2,1
52.4628865458765,5,3,2,1
710.964610649524,5,4,2,1
113.918456549463,5,5,2,1
190.338038272289,5,6,2,1
1462.04918327255,5,7,2,1
1394.55350050106,5,8,2,1
146.013413047469,5,9,2,1
87.0132447983206,5,10,2,1
37861.2753978159,1,1,2,2
118223.419496409,1,2,2,2
341.794617341318,1,3,2,2
12253.6578712468,1,4,2,2
1351.31819635975,1,5,2,2
1809.75575859508,1,6,2,2
11854.3732417359,1,7,2,2
9062.16351422206,1,8,2,2
547.404942836703,1,9,2,2
2531.6206083938,1,10,2,2
6828301.29950517,2,1,2,2
41097073.253716,2,2,2,2
38892.8907797429,2,3,2,2
166765.1269302,2,4,2,2
54227.9833609954,2,5,2,2
128709.57846533,2,6,2,2
414725.377019474,2,7,2,2
1008895.89111026,2,8,2,2
9166.76161616488,2,9,2,2
36338.0216169143,2,10,2,2
628.119469478916,3,1,2,2
1252.20802795478,3,2,2,2
0.883656302300956,3,3,2,2
52.9639509033985,3,4,2,2
22.6172421620076,3,5,2,2
7.57777211986289,3,6,2,2
61.2091947991829,3,7,2,2
494.779732110146,3,8,2,2
3.29495768489684,3,9,2,2
6.42857325742566,3,10,2,2
1199.47808278033,4,1,2,2
6314.24280290594,4,2,2,2
8.4464973375119,4,3,2,2
810.994131676911,4,4,2,2
40.6721929166457,4,5,2,2
62.3108626542576,4,6,2,2
261.641089182443,4,7,2,2
23.9280725056846,4,8,2,2
16.7803000800497,4,9,2,2
15.4670438216829,4,10,2,2
109599.43448961,5,1,2,2
370231.286876296,5,2,2,2
2533.50449305585,5,3,2,2
33379.1257098407,5,4,2,2
8226.79797646926,5,5,2,2
9106.23950178673,5,6,2,2
26376.266574094,5,7,2,2
26492.7712108478,5,8,2,2
1616.97102360713,5,9,2,2
2464.95214672646,5,10,2,2
7183.36287295307,1,1,2,3
4261.21225921959,1,2,2,3
6659.82761034305,1,3,2,3
4291.48462087179,1,4,2,3
5914.17562510793,1,5,2,3
1524.95287397309,1,6,2,3
930.176328978944,1,7,2,3
3489.25244529214,1,8,2,3
124.056650718748,1,9,2,3
782.133883734683,1,10,2,3
1849682.63336075,2,1,2,3
254189.929000739,2,2,2,3
4076176.50306026,2,3,2,3
45027.4546376138,2,4,2,3
323625.406286197,2,5,2,3
107505.740551357,2,6,2,3
19731.0073083685,2,7,2,3
380240.478644227,2,8,2,3
2339.63324041065,2,9,2,3
10397.1735070576,2,10,2,3
247.379568676132,3,1,2,3
84.2320524821666,3,2,2,3
17.9725883915594,3,3,2,3
46.0810295826603,3,4,2,3
120.280988358829,3,5,2,3
7.31765583556012,3,6,2,3
10.2627258258657,3,7,2,3
196.125777936578,3,8,2,3
1.18894809817564,3,9,2,3
6.17190207415716,3,10,2,3
271.141784837605,4,1,2,3
232.050008415674,4,2,2,3
135.406621746867,4,3,2,3
296.76124707241,4,4,2,3
194.420320428627,4,5,2,3
56.8222108276147,4,6,2,3
40.9373786287409,4,7,2,3
10.5762358877541,4,8,2,3
6.52636186447935,4,9,2,3
5.9546346591671,4,10,2,3
42434.0304359872,5,1,2,3
15953.702030401,5,2,2,3
70113.6710097855,5,3,2,3
15752.0142024959,5,4,2,3
43879.3106327788,5,5,2,3
8635.19253438714,5,6,2,3
3274.2103878329,5,7,2,3
10672.5168948711,5,8,2,3
624.249454670151,5,9,2,3
2327.82434583964,5,10,2,3
10591.16349831,1,1,2,4
10640.8782857589,1,2,2,4
221.936420888292,1,3,2,4
11129.0358114249,1,4,2,4
1372.58866734809,1,5,2,4
866.804702574118,1,6,2,4
1658.18016384878,1,7,2,4
1116.95851845648,1,8,2,4
124.18941536515,1,9,2,4
762.015777624335,1,10,2,4
3042186.07454702,2,1,2,4
828458.026992963,2,2,2,4
33672.5738045517,2,3,2,4
1283060.99758866,2,4,2,4
72479.5485415078,2,5,2,4
71316.8950014411,2,6,2,4
51497.6960390067,2,7,2,4
92349.6929996687,2,8,2,4
3020.88992315613,2,9,2,4
11479.3076440094,2,10,2,4
190.884004656622,3,1,2,4
126.1326471038,3,2,2,4
0.656275229311998,3,3,2,4
38.6957343652705,3,4,2,4
24.5428521259281,3,5,2,4
3.62451805843232,3,6,2,4
9.98128388738683,3,7,2,4
54.4127987796553,3,8,2,4
0.825571229173657,3,9,2,4
2.40898909618223,3,10,2,4
387.031802780951,4,1,2,4
547.442379767149,4,2,2,4
5.16161927660954,4,3,2,4
772.182253455056,4,4,2,4
44.1744695063325,4,5,2,4
31.4828755904584,4,6,2,4
40.221617068637,4,7,2,4
3.29336458203621,4,8,2,4
4.34230974815398,4,9,2,4
5.32830719329557,4,10,2,4
38646.9874674977,5,1,2,4
34633.9591421419,5,2,2,4
1915.94771767444,5,3,2,4
34112.7663567845,5,4,2,4
9565.46703652372,5,5,2,4
4747.84217896121,5,6,2,4
3876.74005945353,5,7,2,4
3224.94027434277,5,8,2,4
412.781381504303,5,9,2,4
1104.27855676678,5,10,2,4
8350.75563447442,1,1,2,5
5154.69965847301,1,2,2,5
686.079617008427,1,3,2,5
5540.2281322845,1,4,2,5
10051.6441712049,1,5,2,5
2910.34828560435,1,6,2,5
1090.66069843542,1,7,2,5
1807.48587269222,1,8,2,5
94.3605588649926,1,9,2,5
978.450001592175,1,10,2,5
2103472.82864044,2,1,2,5
316226.742301252,2,2,2,5
73242.1603652373,2,3,2,5
56914.8102388528,2,4,2,5
2753626.29161798,2,5,2,5
178738.086326098,2,6,2,5
23455.8680375247,2,7,2,5
177023.185475638,2,8,2,5
1534.38211523398,2,9,2,5
10038.8214518689,2,10,2,5
308.694726438634,3,1,2,5
106.507543543623,3,2,2,5
2.46739018197168,3,3,2,5
62.3517806099401,3,4,2,5
177.320602055384,3,5,2,5
13.0493665079004,3,6,2,5
11.9987346618786,3,7,2,5
96.9351969044175,3,8,2,5
1.05572966035252,3,9,2,5
8.46588277824866,3,10,2,5
299.819181106906,4,1,2,5
269.77619105188,4,2,2,5
16.429033211402,4,3,2,5
383.593781031034,4,4,2,5
334.376037209092,4,5,2,5
108.32508342537,4,6,2,5
44.6665926067455,4,7,2,5
6.2431655347394,4,8,2,5
4.99500070659863,4,9,2,5
8.02471806055469,4,10,2,5
48922.0786960111,5,1,2,5
19692.9495068596,5,2,2,5
6387.97946714196,5,3,2,5
20720.7313030033,5,4,2,5
73487.3312398982,5,5,2,5
16641.122450482,5,6,2,5
3794.59063399893,5,7,2,5
5617.8826279581,5,8,2,5
563.332427350257,5,9,2,5
3220.92175694829,5,10,2,5
2710.15929516386,1,1,2,6
2304.72403070624,1,2,2,6
113.731912381845,1,3,2,6
1008.37162704099,1,4,2,6
639.946670453879,1,5,2,6
1790.74621381992,1,6,2,6
406.035558336025,1,7,2,6
483.384317006228,1,8,2,6
49.2950072191021,1,9,2,6
201.267075400028,1,10,2,6
805259.777673771,2,1,2,6
148925.512304174,2,2,2,6
15673.0705611842,2,3,2,6
11310.2899792292,2,4,2,6
33387.7148070752,2,5,2,6
3257998.00190812,2,6,2,6
12801.2870744786,2,7,2,6
47411.6475485996,2,8,2,6
823.909124161444,2,9,2,6
2325.64346896464,2,10,2,6
58.1834941100893,3,1,2,6
31.761185500016,3,2,2,6
0.371935661512295,3,3,2,6
7.18346414369679,3,4,2,6
12.6346600025353,3,5,2,6
7.11289351438048,3,6,2,6
2.77040819425081,3,7,2,6
25.4336307697879,3,8,2,6
0.348997776366385,3,9,2,6
0.81755013954029,3,10,2,6
104.307345711525,4,1,2,6
119.051806241088,4,2,2,6
2.74450639845507,4,3,2,6
69.7838102357692,4,4,2,6
20.7504538659374,4,5,2,6
68.9229959380989,4,6,2,6
11.6145695660732,4,7,2,6
1.49477357568285,4,8,2,6
1.79898533815662,4,9,2,6
2.0567737171879,4,10,2,6
12115.4193449326,5,1,2,6
7473.53434621557,5,2,2,6
1073.33530364662,5,3,2,6
3243.28714718268,5,4,2,6
4622.5228578684,5,5,2,6
10684.3599864636,5,6,2,6
1053.08606699982,5,7,2,6
1437.36897904478,5,8,2,6
176.019382880536,5,9,2,6
384.630420591292,5,10,2,6
24517.3968398861,1,1,2,7
39849.5720276531,1,2,2,7
128.000358908153,1,3,2,7
7130.05032067475,1,4,2,7
514.653692571174,1,5,2,7
674.083546498383,1,6,2,7
125756.909904549,1,7,2,7
2635.79862070791,1,8,2,7
472.252762140546,1,9,2,7
1739.57310781778,1,10,2,7
1853356.69856569,2,1,2,7
1848532.90038424,2,2,2,7
6397.21089950954,2,3,2,7
87080.4447370866,2,4,2,7
12569.4106082396,2,5,2,7
39266.0860528115,2,6,2,7
22746304.4089581,2,7,2,7
212534.549364712,2,8,2,7
6993.8356471358,2,9,2,7
16047.1666225242,2,10,2,7
428.796338485833,3,1,2,7
452.235927407613,3,2,2,7
0.273944118671746,3,3,2,7
35.4193762766745,3,4,2,7
9.1655197519244,3,5,2,7
3.0347835896634,3,6,2,7
542.179824453392,3,7,2,7
122.576415301539,3,8,2,7
2.478061482133,3,9,2,7
17.0989283535897,3,10,2,7
489.839023268688,4,1,2,7
1901.25348620757,4,2,2,7
3.24133949229662,4,3,2,7
407.325013134364,4,4,2,7
13.428718233452,4,5,2,7
21.5765370689702,4,6,2,7
2939.66121081875,4,7,2,7
6.98099845568035,4,8,2,7
12.9747887776704,4,9,2,7
10.3384898969797,4,10,2,7
59732.0108729745,5,1,2,7
116103.520200428,5,2,2,7
519.013138542402,5,3,2,7
17623.2294750631,5,4,2,7
2593.47920369447,5,5,2,7
2810.5162650756,5,6,2,7
317774.455877941,5,7,2,7
7002.62839725779,5,8,2,7
1235.74480222207,5,9,2,7
1538.83824633147,5,10,2,7
14066.925242252,1,1,2,8
24640.1589275098,1,2,2,8
178.875112749415,1,3,2,8
3518.63304042319,1,4,2,8
499.43892782623,1,5,2,8
1292.34642994726,1,6,2,8
7744.24915428789,1,7,2,8
79713.6526405057,1,8,2,8
141.465071565983,1,9,2,8
1183.690727413,1,10,2,8
1209620.20461854,2,1,2,8
1166992.8443,2,2,2,8
22467.9526130442,2,3,2,8
40914.6955348817,2,4,2,8
10579.0761120079,2,5,2,8
92769.7876382049,2,6,2,8
283087.079139008,2,7,2,8
26257746.4466702,2,8,2,8
1047.26411870795,2,9,2,8
12973.3686757254,2,10,2,8
283.572801550655,3,1,2,8
277.521623511406,3,2,2,8
0.320993571367152,3,3,2,8
18.9756089182626,3,4,2,8
6.49682277589532,3,5,2,8
4.00365114803462,3,6,2,8
42.6957021169654,3,7,2,8
4480.86487307237,3,8,2,8
0.532262274924799,3,9,2,8
7.70670765650882,3,10,2,8
308.867967535966,4,1,2,8
1210.55582762241,4,2,2,8
3.39898470710599,4,3,2,8
202.951071544822,4,4,2,8
10.0004594657607,4,5,2,8
33.7607383120294,4,6,2,8
171.5023951581,4,7,2,8
190.051430441927,4,8,2,8
3.02654911622858,4,9,2,8
6.97644959414276,4,10,2,8
35938.8831503065,5,1,2,8
73833.1978830088,5,2,2,8
883.616897090165,5,3,2,8
8351.83983528815,5,4,2,8
1965.66401171137,5,5,2,8
4757.09939243672,5,6,2,8
19169.6953503018,5,7,2,8
233155.463956433,5,8,2,8
263.40444773621,5,9,2,8
1023.82143010263,5,10,2,8
7620.16242152091,1,1,2,9
5206.61028300484,1,2,2,9
53.3095112306203,1,3,2,9
1010.8000601968,1,4,2,9
105.300632159329,1,5,2,9
158.96472151529,1,6,2,9
3069.45793688658,1,7,2,9
2287.50464283103,1,8,2,9
1214.94740042231,1,9,2,9
292.129320285018,1,10,2,9
3165777.75692037,2,1,2,9
340002.264523915,2,2,2,9
5838.83914292086,2,3,2,9
12186.0532253378,2,4,2,9
3783.19866715997,2,5,2,9
9570.69807196694,2,6,2,9
142083.570122318,2,7,2,9
281147.778561182,2,8,2,9
351106.414801394,2,9,2,9
14538.1112390169,2,10,2,9
121.429595215693,3,1,2,9
57.689764175443,3,2,2,9
0.128818087780648,3,3,2,9
4.28932606628023,3,4,2,9
1.88865142619414,3,5,2,9
0.632626724845467,3,6,2,9
14.0568967017991,3,7,2,9
126.500729837381,3,8,2,9
7.4732435853489,3,9,2,9
0.941485230534861,3,10,2,9
328.02077289915,4,1,2,9
265.309077060978,4,2,2,9
1.20229497232559,4,3,2,9
65.7205198318655,4,4,2,9
3.0669299773933,4,5,2,9
5.33913108586152,4,6,2,9
71.4047509254331,4,7,2,9
5.63158143885637,4,8,2,9
39.3795339933604,4,9,2,9
1.60802921913848,4,10,2,9
27114.321091496,5,1,2,9
15945.5993325896,5,2,2,9
423.953177100435,5,3,2,9
2775.53701076248,5,4,2,9
623.083671609518,5,5,2,9
762.526486935904,5,6,2,9
7579.56932440307,5,7,2,9
6659.80990276665,5,8,2,9
3919.97488612799,5,9,2,9
283.710766322035,5,10,2,9
49677.8487058616,1,1,2,10
59597.7507439092,1,2,2,10
284.575441099805,1,3,2,10
19121.2423280489,1,4,2,10
1125.2613144922,1,5,2,10
1483.08048882613,1,6,2,10
12367.8013665436,1,7,2,10
11472.6908683459,1,8,2,10
1286.64278999557,1,9,2,10
5621.78165438402,1,10,2,10
16167856.4652153,2,1,2,10
3595536.99235305,2,2,2,10
35185.0550825795,2,3,2,10
396055.940037894,2,4,2,10
43644.6962737609,2,5,2,10
131536.64981842,2,6,2,10
489700.876496011,2,7,2,10
1231910.39961857,2,8,2,10
27388.4825857506,2,9,2,10
252680890.461552,2,10,2,10
797.337980973295,3,1,2,10
647.929368035093,3,2,2,10
0.701347083179178,3,3,2,10
65.8418538848268,3,4,2,10
19.3314880918335,3,5,2,10
5.98908659322075,3,6,2,10
60.941508812728,3,7,2,10
626.688538653789,3,8,2,10
7.85167971044846,3,9,2,10
26.6541793890884,3,10,2,10
2003.68666888168,4,1,2,10
3124.58994183863,4,2,2,10
6.82531611739409,4,3,2,10
1301.58546934797,4,4,2,10
33.1914777816516,4,5,2,10
50.566986735888,4,6,2,10
282.147509351981,4,7,2,10
28.9106767440222,4,8,2,10
41.244722140025,4,9,2,10
27.8228900169194,4,10,2,10
169919.657669435,5,1,2,10
186925.779042893,5,2,2,10
1860.06567449309,5,3,2,10
56008.2976732366,5,4,2,10
6757.12789766929,5,5,2,10
7383.13176822822,5,6,2,10
29282.6372012704,5,7,2,10
33402.3515887942,5,8,2,10
4044.864385687,5,9,2,10
7135.64097544576,5,10,2,10
511.067250444012,1,1,3,1
212.254571938091,1,2,3,1
0.616439576928489,1,3,3,1
24.7416586800867,1,4,3,1
1.85794040241989,1,5,3,1
1.17010317211467,1,6,3,1
128.813443688473,1,7,3,1
26.0126294178812,1,8,3,1
0.523850949325698,1,9,3,1
11.3683033900136,1,10,3,1
2576.09372832692,2,1,3,1
449.057227431738,2,2,3,1
2.24635638711328,2,3,3,1
16.9309083929627,2,4,3,1
16.9165030249805,2,5,3,1
6.64392662263782,2,6,3,1
63.6158460860242,2,7,3,1
82.5070586970387,2,8,3,1
0.388271660695421,2,9,3,1
1.89297665235044,2,10,3,1
984839.594395416,3,1,3,1
6589.27549117646,3,2,3,1
0.0416260966880195,3,3,3,1
196.497078834561,3,4,3,1
9.06062684943558,3,5,3,1
189.492271548574,3,6,3,1
815.371968560262,3,7,3,1
634.161078571049,3,8,3,1
20.1306225412094,3,9,3,1
512.189184347895,3,10,3,1
5.10419178677851,4,1,3,1
8.05037643219664,4,2,3,1
0.0109858264938377,4,3,3,1
1.27632849751025,4,4,3,1
0.0504963738812185,4,5,3,1
0.0223527158714037,4,6,3,1
4.52951560455602,4,7,3,1
0.0686341692066061,4,8,3,1
0.0108545294412855,4,9,3,1
0.0631434736996369,4,10,3,1
1633.60049791268,5,1,3,1
519.868300214685,5,2,3,1
0.779014143785553,5,3,3,1
47.2893530194895,5,4,3,1
6.70243210886945,5,5,3,1
1.72042054455832,5,6,3,1
636.097872743451,5,7,3,1
170.409839015785,5,8,3,1
0.876012010142082,5,9,3,1
10.6017297753164,5,10,3,1
8091.70904487794,1,1,3,2
6679.38854016477,1,2,3,2
14.0161801705688,1,3,3,2
1204.14442312936,1,4,3,2
66.7359642318505,1,5,3,2
30.1728226308792,1,6,3,2
3814.99801530871,1,7,3,2
249.7645478581,1,8,3,2
12.8797039281239,1,9,3,2
240.224384926147,1,10,3,2
39515.549962817,2,1,3,2
13912.0384979365,2,2,3,2
75.6358791966104,2,3,3,2
889.851296106911,2,4,3,2
677.782784129969,2,5,3,2
207.952352492434,2,6,3,2
1826.82484063364,2,7,3,2
1065.78753210934,2,8,3,2
9.43913408968189,2,9,3,2
36.5945723135796,2,10,3,2
264419.138206966,3,1,3,2
1365445.70929566,3,2,3,2
48.1506892171832,3,3,3,2
10102.1077294501,3,4,3,2
209.478158416804,3,5,3,2
1533.63573116246,3,6,3,2
10961.1459427326,3,7,3,2
1221.9753451064,3,8,3,2
154.915835969309,3,9,3,2
4242.33004748749,3,10,3,2
87.2753043886662,4,1,3,2
255.690383057089,4,2,3,2
0.301166529368735,4,3,3,2
67.3509366287226,4,4,3,2
1.91294594247891,4,5,3,2
0.612550232734927,4,6,3,2
134.412858360395,4,7,3,2
0.72859471113962,4,8,3,2
0.286759927943959,4,9,3,2
1.18062496101351,4,10,3,2
24963.254431763,5,1,3,2
16413.4864006177,5,2,3,2
25.9571222108749,5,3,3,2
2436.99538978583,5,4,3,2
245.630416241583,5,5,3,2
46.9266617172324,5,6,3,2
18884.4628790749,5,7,3,2
1399.55201186737,5,8,3,2
24.0079091566393,5,9,3,2
209.438997234514,5,10,3,2
1287.24491546973,1,1,3,3
734.460259053124,1,2,3,3
30.9663867908419,1,3,3,3
845.724898946183,1,4,3,3
2424.18258133189,1,5,3,3
92.1821111528748,1,6,3,3
146.20514934214,1,7,3,3
79.0621640520021,1,8,3,3
5.98170434594395,1,9,3,3
173.29798432512,1,10,3,3
33494.6736364555,2,1,3,3
5790.63073528696,2,2,3,3
1074.57127767979,2,3,3,3
1280.86495950539,2,4,3,3
36850.1387577543,2,5,3,3
2608.86224012941,2,6,3,3
402.40303967087,2,7,3,3
2552.75191835655,2,8,3,3
23.7925398443227,2,9,3,3
147.458112047515,2,10,3,3
37742.05053184,3,1,3,3
2248.48816022524,3,2,3,3
114215.815210243,3,3,3,3
8015.49885201203,3,4,3,3
12321.3567486626,3,5,3,3
31.2439681633785,3,6,3,3
200.093238123934,3,7,3,3
18.3909804409765,3,8,3,3
5.52075199813467,3,9,3,3
1681.25666914044,3,10,3,3
21.7427581544051,4,1,3,3
30.1977540656511,4,2,3,3
0.787981906210967,4,3,3,3
50.2632190336719,4,4,3,3
86.6343721081599,4,5,3,3
2.38446975541399,4,6,3,3
5.99794247485106,4,7,3,3
0.385568443812216,4,8,3,3
0.37832532435939,4,9,3,3
1.2988014121758,4,10,3,3
5764.18273991864,5,1,3,3
2292.02266852405,5,2,3,3
149.301383707545,5,3,3,3
2364.16140374519,5,4,3,3
9345.66676111202,5,5,3,3
336.410745876487,5,6,3,3
604.752682290054,5,7,3,3
248.510883802646,5,8,3,3
46.8410579568573,5,9,3,3
386.671922385882,5,10,3,3
914.505410040771,1,1,3,4
235.713202451317,1,2,3,4
1.89231169910788,1,3,3,4
302.477922959405,1,4,3,4
19.0762537915596,1,5,3,4
3.37159407519408,1,6,3,4
284.318672003682,1,7,3,4
14.3880855614588,1,8,3,4
1.16598018091819,1,9,3,4
31.3278190770189,1,10,3,4
5069.57862812555,2,1,3,4
651.539329527733,2,2,3,4
16.284932661031,2,3,3,4
239.365097344347,2,4,3,4
252.823956095434,2,5,3,4
38.8280946637117,2,6,3,4
142.666029437866,2,7,3,4
79.6845963458838,2,8,3,4
1.26346901214733,2,9,3,4
6.83113252034465,2,10,3,4
33290.1228736999,3,1,3,4
2941.7787370459,3,2,3,4
43.0977311261047,3,3,3,4
47349.2801194158,3,4,3,4
315.372173866347,3,5,3,4
518.978392737089,3,6,3,4
1047.93225826195,3,7,3,4
63.7464962989899,3,8,3,4
49.5609783755805,3,9,3,4
1253.28321524282,3,10,3,4
9.12721604942732,4,1,3,4
8.52681119622845,4,2,3,4
0.037919489972322,4,3,3,4
17.7552879206095,4,4,3,4
0.621739601706243,4,5,3,4
0.0693721776120424,4,6,3,4
10.0598545929819,4,7,3,4
0.0431239865284201,4,8,3,4
0.0308905225044501,4,9,3,4
0.212475268825969,4,10,3,4
2924.38758860256,5,1,3,4
601.419644164039,5,2,3,4
4.13307886616239,5,3,3,4
641.044396750703,5,4,3,4
72.6355526709254,5,5,3,4
6.37309052936973,5,6,3,4
1411.02880698825,5,7,3,4
52.9719573063566,5,8,3,4
2.43890568676755,5,9,3,4
31.8588695163804,5,10,3,4
1384.44064631284,1,1,3,5
376.443740110974,1,2,3,5
16.8284779167537,1,3,3,5
1255.39358722663,1,4,3,5
1079.43897840364,1,5,3,5
45.8835383268255,1,6,3,5
305.566284614275,1,7,3,5
58.3462644165838,1,8,3,5
4.1263969182692,1,9,3,5
133.672387863517,1,10,3,5
19851.2522363932,2,1,3,5
3070.32280344665,2,2,3,5
498.744184424837,2,3,3,5
1262.82005184427,2,4,3,5
16328.1715256935,2,5,3,5
1204.53964570894,2,6,3,5
310.374291574334,2,7,3,5
1214.31286036456,2,8,3,5
12.6018739367013,2,9,3,5
78.3677871410598,2,10,3,5
74764.3358497612,3,1,3,5
3721.41134097521,3,2,3,5
31.8056491981654,3,3,3,5
18415.0688232819,3,4,3,5
94914.1094871173,3,5,3,5
219.041395759522,3,6,3,5
2119.14068599677,3,7,3,5
43.723514186151,3,8,3,5
110.950234422106,3,9,3,5
3719.91835743904,3,10,3,5
17.7411176377714,4,1,3,5
14.2155067357351,4,2,3,5
0.413895636979743,4,3,3,5
74.6788829618822,4,4,3,5
38.4352854080105,4,5,3,5
1.14908274663239,4,6,3,5
11.0074107366822,4,7,3,5
0.233322288376779,4,8,3,5
0.212895008194915,4,9,3,5
1.03667547124389,4,10,3,5
5071.36209909065,5,1,3,5
1210.44697345574,5,2,3,5
73.6496584862507,5,3,3,5
2919.76373426252,5,4,3,5
4159.00865607127,5,5,3,5
156.771462763359,5,6,3,5
1427.69892930165,5,7,3,5
172.850907788144,5,8,3,5
23.7786941761852,5,9,3,5
228.928748526869,5,10,3,5
948.957366923585,1,1,3,6
1459.33989397443,1,2,3,6
2.37301181175682,1,3,3,6
328.299126746601,1,4,3,6
14.3320605039175,1,5,3,6
5.31632165766632,1,6,3,6
187.02396945922,1,7,3,6
18.1438770201605,1,8,3,6
1.72892870425402,1,9,3,6
41.3381739073893,1,10,3,6
4629.26364024772,2,1,3,6
3042.13535129377,2,2,3,6
16.3773804727661,2,3,3,6
252.106158866361,2,4,3,6
151.56298149947,2,5,3,6
41.9639792484483,2,6,3,6
111.831284687869,2,7,3,6
132.683099795592,2,8,3,6
1.67128950938744,2,9,3,6
6.83340704194728,2,10,3,6
41376.6022459905,3,1,3,6
11631.8083351996,3,2,3,6
0.0302650574324286,3,3,3,6
3472.49368357311,3,4,3,6
142.853896017927,3,5,3,6
110374.465045632,3,6,3,6
1060.02711069083,3,7,3,6
58.9985305326983,3,8,3,6
4.05434940269073,3,9,3,6
1177.69003709524,3,10,3,6
11.0258140669313,4,1,3,6
56.5443026460301,4,2,3,6
0.052463324951594,4,3,3,6
18.9809934544296,4,4,3,6
0.413577647903555,4,5,3,6
0.0961832363438858,4,6,3,6
5.82992001664944,4,7,3,6
0.0637900588158694,4,8,3,6
0.0358771266707518,4,9,3,6
0.196239135747943,4,10,3,6
2690.39560458436,5,1,3,6
3587.44980034253,5,2,3,6
5.45323004640445,5,3,3,6
671.905315254625,5,4,3,6
50.6318113609643,5,5,3,6
7.7927917338254,5,6,3,6
784.495746654852,5,7,3,6
64.5431576581401,5,8,3,6
2.74922757186577,5,9,3,6
32.300225381943,5,10,3,6
12645.603126106,1,1,3,7
10587.5450394053,1,2,3,7
46.3879711266346,1,3,3,7
3692.86962884152,1,4,3,7
218.370964881527,1,5,3,7
135.638372114248,1,6,3,7
59160.4976610693,1,7,3,7
1414.17160838301,1,8,3,7
82.6217765655249,1,9,3,7
851.275721045223,1,10,3,7
42623.2160928656,2,1,3,7
21608.3495085991,2,2,3,7
272.337488407795,2,3,3,7
2478.57279556139,2,4,3,7
1937.88413545401,2,5,3,7
854.66156460662,2,6,3,7
26036.3062841174,2,7,3,7
3935.3256930403,2,8,3,7
26.7444274208004,2,9,3,7
131.55120604496,2,10,3,7
240438.231512172,3,1,3,7
37265.807872689,3,2,3,7
5.7605458766079,3,3,3,7
13809.9798825175,3,4,3,7
398.614136699374,3,5,3,7
426.906878043249,3,6,3,7
790993.547436023,3,7,3,7
28379.8564249293,3,8,3,7
264.27213753927,3,9,3,7
22985.1087828438,3,10,3,7
184.768365495014,4,1,3,7
363.565318978398,4,2,3,7
1.51930226725265,4,3,3,7
196.742820071102,4,4,3,7
6.18050035626296,4,5,3,7
3.9917421650657,4,6,3,7
2150.07498970864,4,7,3,7
3.94829627974557,4,8,3,7
2.29315388938192,4,9,3,7
7.16117578864188,4,10,3,7
43167.355515261,5,1,3,7
26782.1137581592,5,2,3,7
103.945980265117,5,3,3,7
7983.6534726674,5,4,3,7
1002.39949634741,5,5,3,7
279.447135124559,5,6,3,7
305051.324102457,5,7,3,7
7995.44086643425,5,8,3,7
218.626572853316,5,9,3,7
1100.61029342098,5,10,3,7
1963.56300155479,1,1,3,8
1118.44854118967,1,2,3,8
21.2900716729669,1,3,3,8
295.973224303948,1,4,3,8
65.8457346299459,1,5,3,8
137.430420714759,1,6,3,8
789.24095904969,1,7,3,8
18478.5727662804,1,8,3,8
17.264814816179,1,9,3,8
179.435162678657,1,10,3,8
6124.02561475422,2,1,3,8
3629.77782083547,2,2,3,8
97.0391342962922,2,3,3,8
185.384485103447,2,4,3,8
281.614713785813,2,5,3,8
439.327497797777,2,6,3,8
799.244890943738,2,7,3,8
45303.5471728292,2,8,3,8
4.27187714505609,2,9,3,8
33.9878507330471,2,10,3,8
17857.4767033625,3,1,3,8
3974.98728787467,3,2,3,8
0.0306593917879007,3,3,3,8
636.2765816901,3,4,3,8
6.56400143327051,3,5,3,8
5.91350646114032,3,6,3,8
951.438146174494,3,7,3,8
620458.653618427,3,8,3,8
25.2347177243422,3,9,3,8
2133.1194030315,3,10,3,8
27.8107652846546,4,1,3,8
34.1758230408729,4,2,3,8
0.539183930145782,4,3,3,8
12.6012963566345,4,4,3,8
0.991739380527658,4,5,3,8
2.08568386768575,4,6,3,8
26.6479183059277,4,7,3,8
45.9228623937518,4,8,3,8
0.426555060928238,4,9,3,8
1.10403645626773,4,10,3,8
8315.64042215812,5,1,3,8
3472.96112375459,5,2,3,8
25.5155597106068,5,3,3,8
605.246023756461,5,4,3,8
179.438076209934,5,5,3,8
221.631982916229,5,6,3,8
3915.54180334375,5,7,3,8
129408.690729607,5,8,3,8
29.9388570376751,5,9,3,8
283.208762702104,5,10,3,8
636.587538403208,1,1,3,9
260.558500455396,1,2,3,9
1.1727532508436,1,3,3,9
172.598772896084,1,4,3,9
8.9591184502028,1,5,3,9
2.0702371329903,1,6,3,9
67.6493287541005,1,7,3,9
13.7720466038111,1,8,3,9
6.0732879983931,1,9,3,9
20.1638746948224,1,10,3,9
3488.81158878745,2,1,3,9
626.514359966199,2,2,3,9
8.72518023014016,2,3,3,9
135.919736040863,2,4,3,9
112.46391086755,2,5,3,9
20.9000769947122,2,6,3,9
44.251882333955,2,7,3,9
68.5598689676172,2,8,3,9
5.67860603849536,2,9,3,9
4.26457610917109,2,10,3,9
49367.6977342803,3,1,3,9
2757.56151444323,3,2,3,9
0.0199574068747909,3,3,3,9
1231.49495150618,3,4,3,9
44.4138289416846,3,5,3,9
10.2082962271394,3,6,3,9
165.649706760473,3,7,3,9
52.1018421822957,3,8,3,9
206899.004504999,3,9,3,9
1452.55827395451,3,10,3,9
6.36157098807886,4,1,3,9
9.83714938802669,4,2,3,9
0.0224646391738433,4,3,3,9
10.1034462997049,4,4,3,9
0.282015639737371,4,5,3,9
0.0387357366844058,4,6,3,9
2.20859530364738,4,7,3,9
0.0394939626278228,4,8,3,9
0.192197623427261,4,9,3,9
0.123301079835679,4,10,3,9
2003.82579766259,5,1,3,9
648.8581020363,5,2,3,9
2.36780333239062,5,3,3,9
361.916813266206,5,4,3,9
33.3040804809036,5,5,3,9
3.48017103603105,5,6,3,9
300.076437744281,5,7,3,9
68.4973468191475,5,8,3,9
16.3515537367611,5,9,3,9
18.8478450733996,5,10,3,9
7606.88370152229,1,1,3,10
3618.91727987084,1,2,3,10
12.0679317826357,1,3,3,10
1530.98731892309,1,4,3,10
31.534937485432,1,5,3,10
21.2421318670998,1,6,3,10
369.833429319438,1,7,3,10
315.010290448356,1,8,3,10
14.5631974250545,1,9,3,10
1973.89062937203,1,10,3,10
39530.7500469354,2,1,3,10
8091.36682072474,2,2,3,10
59.1828240118426,2,3,3,10
1174.2708335487,2,4,3,10
219.089732873381,2,5,3,10
147.210873628391,2,6,3,10
304.760548733092,2,7,3,10
1094.81486572851,2,8,3,10
13.5903385639462,2,9,3,10
679.810260415709,2,10,3,10
266250.559837315,3,1,3,10
18275.9174630896,3,2,3,10
1.18885139169381,3,3,3,10
6267.63544279861,3,4,3,10
22.7001553464242,3,5,3,10
554.327784567311,3,6,3,10
854.015688846122,3,7,3,10
3306.98974653524,3,8,3,10
1930.89499380585,3,9,3,10
8736306.6737923,3,10,3,10
78.5820242397486,4,1,3,10
137.835778374401,4,2,3,10
0.216397591742993,4,3,3,10
88.6763601080573,4,4,3,10
0.712967422946186,4,5,3,10
0.356920194614379,4,6,3,10
10.2805618048762,4,7,3,10
0.846012667048238,4,8,3,10
0.364741290092753,4,9,3,10
28.2482499847157,4,10,3,10
23810.5026689095,5,1,3,10
8938.24984289391,5,2,3,10
20.1086666952745,5,3,3,10
3150.08757964985,5,4,3,10
103.15433903104,5,5,3,10
28.8983095026836,5,6,3,10
1309.38748278446,5,7,3,10
1940.71713226315,5,8,3,10
30.198620784241,5,9,3,10
2656.82823716623,5,10,3,10
632.418916215358,1,1,4,1
226.369647344755,1,2,4,1
0.929118858403705,1,3,4,1
83.041143197731,1,4,4,1
2.12223237250368,1,5,4,1
10.8147809288027,1,6,4,1
88.7779328474307,1,7,4,1
22.1857610042324,1,8,4,1
1.3163252666037,1,9,4,1
19.6570828728554,1,10,4,1
10939.5805230493,2,1,4,1
752.087923210833,2,2,4,1
4.91583881784896,2,3,4,1
58.2513888980081,2,4,4,1
13.7911777116979,2,5,4,1
59.5532255337637,2,6,4,1
69.0128843447623,2,7,4,1
129.675670269033,2,8,4,1
2.07756831196634,2,9,4,1
5.50553271170254,2,10,4,1
18.9843128490976,3,1,4,1
4.95467692940256,3,2,4,1
0.0014001713943803,3,3,4,1
1.15053696925168,3,4,4,1
0.0374988931564414,3,5,4,1
0.0378157613215356,3,6,4,1
0.617377854334678,3,7,4,1
5.57450727608502,3,8,4,1
0.00900230406337586,3,9,4,1
0.189042226171438,3,10,4,1
387454.008130227,4,1,4,1
30431.8764666966,4,2,4,1
457.981063142661,4,3,4,1
2346.05314386987,4,4,4,1
435.381245060553,4,5,4,1
480.41084145655,4,6,4,1
7047.36422010639,4,7,4,1
116.202095080035,4,8,4,1
1383.02048215028,4,9,4,1
995.335744077784,4,10,4,1
4016.23411990834,5,1,4,1
817.399058379362,5,2,4,1
1.70692083615939,5,3,4,1
202.391649475797,5,4,4,1
8.61810851546981,5,5,4,1
29.9758621399287,5,6,4,1
421.693746873626,5,7,4,1
105.536029609643,5,8,4,1
3.20927117274168,5,9,4,1
25.5382884274381,5,10,4,1
1531.48524123797,1,1,4,2
2275.98815024807,1,2,4,2
4.64229656634752,1,3,4,2
694.458674476654,1,4,4,2
15.1510525761694,1,5,4,2
60.150943893566,1,6,4,2
442.217874955746,1,7,4,2
130.561796656676,1,8,4,2
5.76454668821386,1,9,4,2
86.8928852894128,1,10,4,2
20367.8269247919,2,1,4,2
6559.5720856654,2,2,4,2
31.1389590166819,2,3,4,2
480.654449897305,2,4,4,2
92.0899144435229,2,5,4,2
332.353839218581,2,6,4,2
304.356441713795,2,7,4,2
641.073703172782,2,8,4,2
7.39928250311556,2,9,4,2
19.5375820401903,2,10,4,2
48.1425842078641,3,1,4,2
49.5894383104922,3,2,4,2
0.0092921111388543,3,3,4,2
9.78411016281774,3,4,4,2
0.246965953740118,3,5,4,2
0.227501365530613,3,6,4,2
3.20548190215488,3,7,4,2
32.3960672083677,3,8,4,2
0.0418267354828491,3,9,4,2
0.675733059641272,3,10,4,2
65543.9193427988,4,1,4,2
701567.883362768,4,2,4,2
2123.85324048301,4,3,4,2
52867.4379752631,4,4,4,2
2165.56497296499,4,5,4,2
2264.5652912864,4,6,4,2
18868.5677655617,4,7,4,2
466.140519272586,4,8,4,2
2013.09726664923,4,9,4,2
1448.97173354836,4,10,4,2
7948.28019929349,5,1,4,2
8298.61177872664,5,2,4,2
12.6197132781392,5,3,4,2
1701.9788289187,5,4,4,2
58.6340887873935,5,5,4,2
164.319464430943,5,6,4,2
1997.90605397703,5,7,4,2
613.820744690486,5,8,4,2
13.6891398965908,5,9,4,2
96.8535426893632,5,10,4,2
62.7403441170934,1,1,4,3
81.2960260691354,1,2,4,3
0.245127904777765,1,3,4,3
45.9515179493343,1,4,4,3
0.861013496562503,1,5,4,3
5.46584991969429,1,6,4,3
12.1174015488379,1,7,4,3
9.68442205046285,1,8,4,3
0.365834094288495,1,9,4,3
6.69370874556452,1,10,4,3
829.773550509003,2,1,4,3
242.694393395348,2,2,4,3
1.80260486703777,2,3,4,3
31.8476489514582,2,4,4,3
5.47151086248743,2,5,4,3
29.3594263954947,2,6,4,3
9.87127616401974,2,7,4,3
40.3149812616659,2,8,4,3
0.476283487729002,2,9,4,3
1.8621477026381,2,10,4,3
2.07574451446648,3,1,4,3
1.77194368746214,3,2,4,3
0.000529641034851331,3,3,4,3
0.654390571010208,3,4,4,3
0.0149275251435712,3,5,4,3
0.0185726255673946,3,6,4,3
0.0987811557049833,3,7,4,3
2.56301040096143,3,8,4,3
0.00268750718985276,3,9,4,3
0.082144406416631,3,10,4,3
2299.56291003778,4,1,4,3
4744.8346714659,4,2,4,3
41930.314222973,4,3,4,3
4048.54440856547,4,4,4,3
97.3849788088495,4,5,4,3
15.5042284570623,4,6,4,3
357.58812933843,4,7,4,3
19.5110658937237,4,8,4,3
108.109210549786,4,9,4,3
279.860655992313,4,10,4,3
318.721556019375,5,1,4,3
296.475346608607,5,2,4,3
0.684992923675674,5,3,4,3
113.970572508392,5,4,4,3
3.37103133481078,5,5,4,3
15.5026626088315,5,6,4,3
50.2779812598609,5,7,4,3
46.8045136981814,5,8,4,3
0.922628140878274,5,9,4,3
8.20381046899093,5,10,4,3
175.4706989663,1,1,4,4
289.715948023925,1,2,4,4
0.638319517618006,1,3,4,4
101.90251046803,1,4,4,4
2.25373672037791,1,5,4,4
15.7620973081541,1,6,4,4
40.0991706769335,1,7,4,4
21.6571018887018,1,8,4,4
1.07136681535509,1,9,4,4
17.018366212668,1,10,4,4
2199.95637070548,2,1,4,4
836.84410080953,2,2,4,4
4.5928884865578,2,3,4,4
70.5306667901422,2,4,4,4
13.9123824552128,2,5,4,4
83.9983292151732,2,6,4,4
30.8316642066333,2,7,4,4
97.6307838560684,2,8,4,4
1.36165149112551,2,9,4,4
4.59519709548522,2,10,4,4
5.62585070031737,3,1,4,4
6.31169961772414,3,2,4,4
0.00138913891959944,3,3,4,4
1.4403756115484,3,4,4,4
0.0385097140858538,3,5,4,4
0.0539452199444081,3,6,4,4
0.311369011720244,3,7,4,4
5.57863419548691,3,8,4,4
0.00770792462710762,3,9,4,4
0.193304878408183,3,10,4,4
4867.34399996866,4,1,4,4
6875.29879798076,4,2,4,4
929.398168375788,4,3,4,4
134411.230551511,4,4,4,4
973.72253690084,4,5,4,4
969.392790059787,4,6,4,4
1847.85978321711,4,7,4,4
21.863930744128,4,8,4,4
279.426332455469,4,9,4,4
605.511333126471,4,10,4,4
866.292383662075,5,1,4,4
1056.54215001256,5,2,4,4
1.79558542347652,5,3,4,4
250.530437581089,5,4,4,4
8.82804309720309,5,5,4,4
44.8111049333997,5,6,4,4
169.066985600697,5,7,4,4
103.45757916393,5,8,4,4
2.68829000496233,5,9,4,4
20.4605028508618,5,10,4,4
119.837956624664,1,1,4,5
151.426676164298,1,2,4,5
0.531361492947048,1,3,4,5
108.7609626936,1,4,4,5
1.92139983392227,1,5,4,5
13.2950545305537,1,6,4,5
21.714892119593,1,7,4,5
16.8625600690837,1,8,4,5
0.650914591163614,1,9,4,5
12.6711597381867,1,10,4,5
1552.78575946484,2,1,4,5
459.228451363982,2,2,4,5
4.0478216631289,2,3,4,5
75.383616250897,2,4,4,5
12.4069125176048,2,5,4,5
71.2503546981843,2,6,4,5
18.3130567346028,2,7,4,5
70.6759440464103,2,8,4,5
0.846990131148306,2,9,4,5
3.34533155407318,2,10,4,5
4.04425761416531,3,1,4,5
3.29713407751136,3,2,4,5
0.00118885026274072,3,3,4,5
1.55214054968478,3,4,4,5
0.0340446720992283,3,5,4,5
0.0444801419397835,3,6,4,5
0.183478514096402,3,7,4,5
4.24478706659206,3,8,4,5
0.00491223105839985,3,9,4,5
0.14458067760742,3,10,4,5
4280.1431897184,4,1,4,5
8943.84433054751,4,2,4,5
21.0578769790734,4,3,4,5
8506.34296304173,4,4,4,5
37827.0078572259,4,5,4,5
34.8091766876217,4,6,4,5
657.936180257499,4,7,4,5
35.4641788428648,4,8,4,5
204.308218819662,4,9,4,5
532.074041633065,4,10,4,5
594.022038772734,5,1,4,5
552.488161195111,5,2,4,5
1.52102524249846,5,3,4,5
270.678870898765,5,4,4,5
7.58510055273631,5,5,4,5
37.9685798785699,5,6,4,5
87.280362231895,5,7,4,5
79.2506133235655,5,8,4,5
1.6219251276864,5,9,4,5
15.1304934113306,5,10,4,5
253.314004707886,1,1,4,6
341.619802470767,1,2,4,6
1.08682010026944,1,3,4,6
164.419858451645,1,4,4,6
4.45563760045723,1,5,4,6
71.8700711538365,1,6,4,6
45.9212559861497,1,7,4,6
32.7408034964385,1,8,4,6
1.45082987862528,1,9,4,6
24.5588821481165,1,10,4,6
3236.42200562018,2,1,4,6
1010.35355788755,2,2,4,6
8.87857495147639,2,3,4,6
113.600448815695,2,4,4,6
28.5719975667815,2,5,4,6
372.785724441031,2,6,4,6
38.346462904719,2,7,4,6
141.929514248049,2,8,4,6
1.71696024455596,2,9,4,6
6.19119505935463,2,10,4,6
8.07149963589155,3,1,4,6
7.43903695222693,3,2,4,6
0.00288674596981395,3,3,4,6
2.32293586237832,3,4,4,6
0.0897582649993508,3,5,4,6
0.227943741124306,3,6,4,6
0.373690231709081,3,7,4,6
8.11804201406305,3,8,4,6
0.0102641349563283,3,9,4,6
0.251493710490642,3,10,4,6
8651.04888394779,4,1,4,6
16853.9000285573,4,2,4,6
40.839071772165,4,3,4,6
14545.6132936927,4,4,4,6
178.497043161409,4,5,4,6
38745.1844312862,4,6,4,6
1269.688350054,4,7,4,6
65.5820418287505,4,8,4,6
383.116520310794,4,9,4,6
900.894235399212,4,10,4,6
1267.79547527731,5,1,4,6
1239.15677746341,5,2,4,6
3.08393608045969,5,3,4,6
405.674792786163,5,4,4,6
18.6468406184283,5,5,4,6
210.254884494727,5,6,4,6
185.497902191502,5,7,4,6
152.535248693884,5,8,4,6
3.5796877848354,5,9,4,6
28.7303931381557,5,10,4,6
2912.79462263142,1,1,4,7
2580.79406735413,1,2,4,7
8.63391884443353,1,3,4,7
505.174961110704,1,4,4,7
29.6377692192303,1,5,4,7
133.805817549537,1,6,4,7
9371.11338250401,1,7,4,7
161.489498859075,1,8,4,7
61.8818116845163,1,9,4,7
152.768516928422,1,10,4,7
29967.0581306085,2,1,4,7
6937.93053914644,2,2,4,7
49.4252929333501,2,3,4,7
305.30658700216,2,4,4,7
191.334422546323,2,5,4,7
710.822454461249,2,6,4,7
4653.93649200781,2,7,4,7
763.334213477516,2,8,4,7
69.9590143809194,2,9,4,7
27.6842997007023,2,10,4,7
85.0914855815825,3,1,4,7
56.7380742996606,3,2,4,7
0.0205625502595484,3,3,4,7
6.66391115903536,3,4,4,7
0.738722477488283,3,5,4,7
0.515346646041942,3,6,4,7
59.408215335089,3,7,4,7
29.0420820243811,3,8,4,7
0.417795318034439,3,9,4,7
2.21699252580916,3,10,4,7
43434.8910409468,4,1,4,7
33173.2251125373,4,2,4,7
263.949001120741,4,3,4,7
8744.84065144704,4,4,4,7
523.434863821607,4,5,4,7
576.938201121883,4,6,4,7
1071663.55959318,4,7,4,7
606.387353010887,4,8,4,7
2366.87954263935,4,9,4,7
1899.12502831568,4,10,4,7
14582.9300068904,5,1,4,7
8834.2432889436,5,2,4,7
19.9662232468657,5,3,4,7
1202.9766772588,5,4,4,7
145.969085941922,5,5,4,7
375.021671770304,5,6,4,7
48295.5246769215,5,7,4,7
651.100413581032,5,8,4,7
172.78699206696,5,9,4,7
202.086440573296,5,10,4,7
1016.47771269848,1,1,4,8
1029.74770314438,1,2,4,8
4.99507117129467,1,3,4,8
302.355651074475,1,4,4,8
17.8207472059113,1,5,4,8
223.569038737354,1,6,4,8
159.598345395667,1,7,4,8
2299.8600236824,1,8,4,8
4.64992421571826,1,9,4,8
68.6137005380329,1,10,4,8
12207.0688906153,2,1,4,8
3181.72238279977,2,2,4,8
32.3488916585048,2,3,4,8
208.85330148524,2,4,4,8
93.2208880530156,2,5,4,8
1125.49884963562,2,6,4,8
196.179992249155,2,7,4,8
7976.99811566925,2,8,4,8
3.59783120698719,2,9,4,8
15.8350518617757,2,10,4,8
45.4732257284528,3,1,4,8
23.8407754873799,3,2,4,8
0.00931726794124389,3,3,4,8
4.66198138868952,3,4,4,8
0.30070420124856,3,5,4,8
0.698104903322723,3,6,4,8
2.25966258232232,3,7,4,8
709.307187877333,3,8,4,8
0.0230807433308756,3,9,4,8
1.24026062134972,3,10,4,8
22544.6315433097,4,1,4,8
9265.91124321782,4,2,4,8
223.822216702641,4,3,4,8
5165.52514463855,4,4,4,8
246.153983735356,4,5,4,8
606.499539379378,4,6,4,8
6256.62702367371,4,7,4,8
66944.1873615266,4,8,4,8
50.7086661034299,4,9,4,8
1551.53453288849,4,10,4,8
5161.57112059394,5,1,4,8
3655.46819177339,5,2,4,8
9.32401248375398,5,3,4,8
716.007436999065,5,4,4,8
61.3195154156561,5,5,4,8
630.498568826198,5,6,4,8
644.481841148991,5,7,4,8
12084.4792583524,5,8,4,8
8.79581784666818,5,9,4,8
80.0099086450036,5,10,4,8
432.938030320874,1,1,4,9
153.379872565285,1,2,4,9
0.709630347470275,1,3,4,9
62.8339476624708,1,4,4,9
1.80170976030288,1,5,4,9
13.5288330267762,1,6,4,9
107.147187380309,1,7,4,9
37.2271551610246,1,8,4,9
3.11870262876219,1,9,4,9
16.9318329198278,1,10,4,9
7369.66159674909,2,1,4,9
512.321237428189,2,2,4,9
3.99162461029842,2,3,4,9
43.8114310601953,2,4,4,9
11.656913715852,2,5,4,9
72.0389049577505,2,6,4,9
71.2782927701829,2,7,4,9
165.213626570976,2,8,4,9
4.25919979028518,2,9,4,9
4.93945923168537,2,10,4,9
13.1282132019498,3,1,4,9
3.37091532368508,3,2,4,9
0.00117771477606773,3,3,4,9
0.87537359104077,3,4,4,9
0.0339725227556816,3,5,4,9
0.045034385082066,3,6,4,9
0.72614433807435,3,7,4,9
10.5050685401467,3,8,4,9
0.0213753534809998,3,9,4,9
0.196606776505148,3,10,4,9
30554.9466706727,4,1,4,9
8693.83544357956,4,2,4,9
316.528180585902,4,3,4,9
4192.55651768085,4,4,4,9
311.821691200091,4,5,4,9
345.263588653677,4,6,4,9
2339.07136207177,4,7,4,9
337.794963395356,4,8,4,9
83117.1316612112,4,9,4,9
548.395723025865,4,10,4,9
2721.33365679451,5,1,4,9
549.245632229595,5,2,4,9
1.34218561263665,5,3,4,9
153.28811394345,5,4,4,9
7.43665668355694,5,5,4,9
38.3524925222684,5,6,4,9
528.168247902512,5,7,4,9
186.865507174733,5,8,4,9
8.47045680415415,5,9,4,9
22.2294934403689,5,10,4,9
10052.7965036398,1,1,4,10
1562.69477589184,1,2,4,10
19.099133705741,1,3,4,10
2962.29973435181,1,4,4,10
48.5372883409673,1,5,4,10
166.640402031059,1,6,4,10
207.294337318539,1,7,4,10
636.551475978098,1,8,4,10
20.7790492101946,1,9,4,10
8782.21337776006,1,10,4,10
171289.333440711,2,1,4,10
6926.91143581476,2,2,4,10
110.63732986934,2,3,4,10
2040.04911476734,2,4,4,10
316.696412973929,2,5,4,10
948.910538452062,2,6,4,10
512.517884789283,2,7,4,10
2894.59380299749,2,8,4,10
29.2423844653626,2,9,4,10
3263.67288797033,2,10,4,10
308.287184085903,3,1,4,10
34.6075326657491,3,2,4,10
0.0299042255775312,3,3,4,10
41.6812071965118,3,4,4,10
0.814071348110116,3,5,4,10
0.578755523426299,3,6,4,10
2.60339681714487,3,7,4,10
169.863343405162,3,8,4,10
0.165677172983269,3,9,4,10
166.561619778911,3,10,4,10
350079.946727647,4,1,4,10
622.698634435614,4,2,4,10
95.9476385539069,4,3,4,10
42435.39962664,4,4,4,10
434.197113156745,4,5,4,10
233.79020257871,4,6,4,10
222.392382402385,4,7,4,10
422.99392932862,4,8,4,10
133.379515657083,4,9,4,10
2916173.11329348,4,10,4,10
62885.7170053426,5,1,4,10
5589.22701496601,5,2,4,10
37.9404859616082,5,3,4,10
7308.36976077465,5,4,4,10
182.811825172425,5,5,4,10
450.784039405777,5,6,4,10
507.711996113943,5,7,4,10
3097.0331165156,5,8,4,10
47.8523575088967,5,9,4,10
12593.8604619286,5,10,4,10
38779.3066716625,1,1,5,1
17624.7876545808,1,2,5,1
342.773643931087,1,3,5,1
3429.27523317678,1,4,5,1
889.732596839549,1,5,5,1
699.696188242668,1,6,5,1
7382.61004466553,1,7,5,1
2580.11656284995,1,8,5,1
192.585048689488,1,9,5,1
1781.29249568516,1,10,5,1
335325.086492829,2,1,5,1
53534.0391761367,2,2,5,1
3669.10607772585,2,3,5,1
3071.60958455208,2,4,5,1
11736.9049689747,2,5,5,1
8508.6775591273,2,6,5,1
5863.70707984674,2,7,5,1
13473.8255885218,2,8,5,1
162.608640273269,2,9,5,1
887.644158830676,2,10,5,1
2888.80698421879,3,1,5,1
990.90063988523,3,2,5,1
1.4333749986358,3,3,5,1
75.7928862043665,3,4,5,1
31.9638768836287,3,5,5,1
5.84496124891831,3,6,5,1
191.319549841228,3,7,5,1
264.865009716516,3,8,5,1
7.39640142903917,3,9,5,1
15.8431257123742,3,10,5,1
1539.5097420523,4,1,5,1
1198.3243132744,4,2,5,1
35.4572293393577,4,3,5,1
278.230810450437,4,4,5,1
42.5728586303839,4,5,5,1
35.3286197355253,4,6,5,1
589.132742398607,4,7,5,1
32.2131356925484,4,8,5,1
29.6069849585352,4,9,5,1
12.1828898015002,4,10,5,1
16081733.4880064,5,1,5,1
385830.209893576,5,2,5,1
2759.93379729727,5,3,5,1
35250.1957305635,5,4,5,1
8972.26872960132,5,5,5,1
5922.87478955366,5,6,5,1
108429.169996389,5,7,5,1
48731.4430751051,5,8,5,1
19798.0416033457,5,9,5,1
46595.1889598149,5,10,5,1
228759.523891591,1,1,5,2
424289.631925165,1,2,5,2
2758.16963546585,1,3,5,2
58569.7875200688,1,4,5,2
7866.96887599331,1,5,5,2
5330.48082847919,1,6,5,2
68108.2212411676,1,7,5,2
20351.6473198432,1,8,5,2
1125.57419992784,1,9,5,2
13626.6889398851,1,10,5,2
1635894.2713371,2,1,5,2
1288646.18908986,2,2,5,2
20354.5066047008,2,3,5,2
51238.2727325948,2,4,5,2
78767.0227999744,2,5,5,2
57658.590039939,2,6,5,2
53598.5919100256,2,7,5,2
106562.197470328,2,8,5,2
1039.66112802066,2,9,5,2
4626.95838586532,2,10,5,2
14259.5633713196,3,1,5,2
13763.8792096507,3,2,5,2
16.2423117998124,3,3,5,2
1303.66196625205,3,4,5,2
261.21636892309,3,5,5,2
65.5060384649098,3,6,5,2
1596.37121511582,3,7,5,2
2186.08835180059,3,8,5,2
40.5870078320413,3,9,5,2
121.099646079318,3,10,5,2
8472.45217002727,4,1,5,2
29248.3083054458,4,2,5,2
182.669586861494,4,3,5,2
4427.95788041892,4,4,5,2
280.911628901525,4,5,5,2
271.705082623805,4,6,5,2
5154.77089360402,4,7,5,2
217.576164650561,4,8,5,2
133.066946132474,4,9,5,2
102.227478327724,4,10,5,2
6033454.52939822,5,1,5,2
47002915.897808,5,2,5,2
33251.8309109474,5,3,5,2
494607.225911093,5,4,5,2
102123.238185167,5,5,5,2
52827.4950890554,5,6,5,2
638434.715899759,5,7,5,2
274432.403561558,5,8,5,2
21309.5909854347,5,9,5,2
199315.877892172,5,10,5,2
16145.8508914176,1,1,5,3
11003.7653688861,1,2,5,3
11761.1931844297,1,3,5,3
9571.53859313071,1,4,5,3
13908.8857007095,1,5,5,3
2521.27835827596,1,6,5,3
4781.22975605014,1,7,5,3
4418.01481201385,1,8,5,3
289.374232929404,1,9,5,3
2171.6535168623,1,10,5,3
321071.378014344,2,1,5,3
67432.3256625272,2,2,5,3
159937.148852652,2,3,5,3
13260.4650328936,2,4,5,3
166830.949498538,2,5,5,3
37575.3370548952,2,6,5,3
6995.98951129606,2,7,5,3
47772.4255588374,2,8,5,3
509.99193042934,2,9,5,3
1575.14221465761,2,10,5,3
1824.77617202375,3,1,5,3
592.523240995273,3,2,5,3
128.266816162493,3,3,5,3
360.184647316702,3,4,5,3
938.573181787196,3,5,5,3
31.6785233330395,3,6,5,3
123.100076218706,3,7,5,3
405.990872381025,3,8,5,3
10.324743438978,3,9,5,3
48.1621623201536,3,10,5,3
929.48565859438,4,1,5,3
1270.84262299889,4,2,5,3
434.548158713022,4,3,5,3
991.123485029891,4,4,5,3
485.951492319775,4,5,5,3
141.135382364091,4,6,5,3
552.550395208805,4,7,5,3
61.3939092965018,4,8,5,3
74.9326734866215,4,9,5,3
21.3456989184436,4,10,5,3
399559.326847916,5,1,5,3
100498.596780959,5,2,5,3
2692318.08733036,5,3,5,3
88550.9154691563,5,4,5,3
194329.86377596,5,5,5,3
21362.3890895809,5,6,5,3
60634.7318323635,5,7,5,3
35229.2636374864,5,8,5,3
7782.39430474478,5,9,5,3
45229.7720967565,5,10,5,3
34180.5184690669,1,1,5,4
31595.1302911246,1,2,5,4
678.572770869398,1,3,5,4
33461.4064210467,1,4,5,4
4326.37254730011,1,5,5,4
1418.48670465812,1,6,5,4
7415.81195179058,1,7,5,4
8416.10745886853,1,8,5,4
265.57869496007,1,9,5,4
3070.07425619853,1,10,5,4
282325.162572273,2,1,5,4
105398.013118847,2,2,5,4
9178.58076541063,2,3,5,4
28713.06920564,2,4,5,4
45263.8722651842,2,5,5,4
19454.1366719689,2,6,5,4
7385.13274077193,2,7,5,4
23775.0088666921,2,8,5,4
291.33297284767,2,9,5,4
1195.39848751805,2,10,5,4
2174.60959120398,3,1,5,4
1361.19073539143,3,2,5,4
7.49679939499264,3,3,5,4
632.280326832429,3,4,5,4
203.592254185914,3,5,5,4
17.701193148643,3,6,5,4
192.970424680725,3,7,5,4
619.747778432558,3,8,5,4
7.55120132306939,3,9,5,4
33.0545617651564,3,10,5,4
1232.63632815431,4,1,5,4
2116.31051005157,4,2,5,4
67.9894348152862,4,3,5,4
2883.17372657584,4,4,5,4
156.53104731905,4,5,5,4
73.1020309795214,4,6,5,4
661.280247824783,4,7,5,4
58.5382404519364,4,8,5,4
48.4423851838041,4,9,5,4
24.7451358751105,4,10,5,4
820887.336168961,5,1,5,4
514481.547656635,5,2,5,4
17516.9671414297,5,3,5,4
3144903.6103135,5,4,5,4
61045.4181998891,5,5,5,4
17907.0353914266,5,6,5,4
81529.7520906998,5,7,5,4
79500.5317115758,5,8,5,4
6157.33532441418,5,9,5,4
62586.8876160651,5,10,5,4
31298.205682824,1,1,5,5
26099.1532728553,1,2,5,5
2025.09493357271,1,3,5,5
25307.1513294074,1,4,5,5
31068.8572376739,1,5,5,5
4081.29951259675,1,6,5,5
8093.51579086587,1,7,5,5
6767.21900596977,1,8,5,5
395.617398625137,1,9,5,5
4342.95762862181,1,10,5,5
553352.634151821,2,1,5,5
131717.090137361,2,2,5,5
32506.0707430742,2,3,5,5
31470.1507448559,2,4,5,5
369738.970266001,2,5,5,5
66193.0497843542,2,6,5,5
10877.6597580595,2,7,5,5
52143.2802075577,2,8,5,5
639.579505340771,2,9,5,5
2626.87600964379,2,10,5,5
3715.67867272514,3,1,5,5
1557.12621474074,3,2,5,5
27.9882471068409,3,3,5,5
857.220231353179,3,4,5,5
2148.42971060835,3,5,5,5
70.8310720935825,3,6,5,5
218.008881868665,3,7,5,5
556.103548442834,3,8,5,5
16.4999162881953,3,9,5,5
108.836991299676,3,10,5,5
1386.6166411758,4,1,5,5
2123.4322683132,4,2,5,5
128.938087745455,4,3,5,5
2423.87089675085,4,4,5,5
1080.53330643669,4,5,5,5
192.497735259589,4,6,5,5
771.359921999583,4,7,5,5
67.1235282294119,4,8,5,5
67.7104182068498,4,9,5,5
37.8890707362291,4,10,5,5
764574.338942912,5,1,5,5
298321.132781653,5,2,5,5
88079.2834679398,5,3,5,5
275169.632628939,5,4,5,5
2002034.79192876,5,5,5,5
37112.7318213684,5,6,5,5
86163.0371203195,5,7,5,5
108608.68998079,5,8,5,5
15968.2318137155,5,9,5,5
88050.0499488431,5,10,5,5
36902.9551397346,1,1,5,6
22692.9945299171,1,2,5,6
1051.61526109314,1,3,5,6
13513.4692190292,1,4,5,6
8133.75501378817,1,5,5,6
16448.3761599077,1,6,5,6
6145.42016543621,1,7,5,6
6452.27114369349,1,8,5,6
805.468319764822,1,9,5,6
3128.44092736056,1,10,5,6
317788.708493204,2,1,5,6
91218.2818522747,2,2,5,6
18420.494868577,2,3,5,6
13129.4921835878,2,4,5,6
98400.0134032317,2,5,5,6
124176.626557859,2,6,5,6
7263.03845170793,2,7,5,6
36171.3079029053,2,8,5,6
516.093308579929,2,9,5,6
1378.90089772594,2,10,5,6
2809.50553418644,3,1,5,6
1456.83419739905,3,2,5,6
15.732975566105,3,3,5,6
412.000639733003,3,4,5,6
596.9132556827,3,5,5,6
154.393632109169,3,6,5,6
162.712011036953,3,7,5,6
655.991110039516,3,8,5,6
19.1836533569596,3,9,5,6
42.370044535798,3,10,5,6
1271.03413095271,4,1,5,6
1939.11494821471,4,2,5,6
104.750255476771,4,3,5,6
1196.65236904686,4,4,5,6
298.129268917008,4,5,5,6
995.100817012141,4,6,5,6
614.538519800851,4,7,5,6
77.6562106738191,4,8,5,6
85.9372746449999,4,9,5,6
37.1875080125943,4,10,5,6
896442.896313632,5,1,5,6
241002.842437302,5,2,5,6
13231.4481930587,5,3,5,6
117811.163025791,5,4,5,6
116251.773956689,5,5,5,6
2610109.22695657,5,6,5,6
61645.1601700155,5,7,5,6
111495.72793072,5,8,5,6
20182.6096820721,5,9,5,6
56732.3926532901,5,10,5,6
294333.140514655,1,1,5,7
253916.847038136,1,2,5,7
2037.10373778437,1,3,5,7
67055.4965010059,1,4,5,7
10660.0121766721,1,5,5,7
8364.62913826793,1,6,5,7
1291535.94799991,1,7,5,7
23171.4853330604,1,8,5,7
3037.15590290497,1,9,5,7
18583.7970403932,1,10,5,7
1769615.08007109,2,1,5,7
704011.027133125,2,2,5,7
25565.3771529819,2,3,5,7
51672.1226489313,2,4,5,7
126227.752812954,2,5,5,7
82882.9962059829,2,6,5,7
822321.927780247,2,7,5,7
98383.711442718,2,8,5,7
1604.38729365832,2,9,5,7
4343.27137375771,2,10,5,7
26215.3953788918,3,1,5,7
12528.9994845077,3,2,5,7
14.6708389377357,3,3,5,7
1781.81182211582,3,4,5,7
591.821593072355,3,5,5,7
116.288510100801,3,6,5,7
40022.2722172017,3,7,5,7
1931.45493690924,3,8,5,7
76.4749260024123,3,9,5,7
1192.02886960605,3,10,5,7
11075.6290871267,4,1,5,7
13522.8188850764,4,2,5,7
192.939062738454,4,3,5,7
4968.83381903073,4,4,5,7
430.104588543318,4,5,5,7
463.02980935833,4,6,5,7
108981.19760568,4,7,5,7
184.263182231717,4,8,5,7
228.579332270562,4,9,5,7
257.255511933559,4,10,5,7
4860611.69185978,5,1,5,7
1852542.35224512,5,2,5,7
17263.5888982274,5,3,5,7
448960.0344647,5,4,5,7
117916.517600457,5,5,5,7
42228.3428586336,5,6,5,7
54356490.9092261,5,7,5,7
260838.531893203,5,8,5,7
38792.1489250073,5,9,5,7
149263.769562963,5,10,5,7
73180.8035054794,1,1,5,8
64076.4128740752,1,2,5,8
961.069181725112,1,3,5,8
13951.2356703936,1,4,5,8
3512.18731574716,1,5,5,8
5973.31864957222,1,6,5,8
29751.4449895318,1,7,5,8
315283.178276039,1,8,5,8
589.431704611937,1,9,5,8
5213.44867345798,1,10,5,8
468232.610428795,2,1,5,8
192020.89538539,2,2,5,8
9807.32520183605,2,3,5,8
11661.1430118415,2,4,5,8
38691.4552706608,2,5,5,8
44363.7512045281,2,6,5,8
30490.6319506966,2,7,5,8
772936.364573384,2,8,5,8
376.949970206592,2,9,5,8
1462.65721929422,2,10,5,8
3910.44849091414,3,1,5,8
2518.9168181998,3,2,5,8
3.88350710153068,3,3,5,8
269.706536236708,3,4,5,8
133.080110360288,3,5,5,8
61.4482013707968,3,6,5,8
614.119185736675,3,7,5,8
42065.6879051688,3,8,5,8
7.8707515335286,3,9,5,8
84.343164048387,3,10,5,8
2650.46803503013,4,1,5,8
3554.23093519373,4,2,5,8
87.8699725629348,4,3,5,8
1089.86513979141,4,4,5,8
136.985019138246,4,5,5,8
264.024776114565,4,6,5,8
2153.4810204219,4,7,5,8
3178.85862035998,4,8,5,8
69.4568459991356,4,9,5,8
76.4947854116023,4,10,5,8
1362447.54804674,5,1,5,8
629322.303277647,5,2,5,8
4677.75070152557,5,3,5,8
84298.2360769471,5,4,5,8
29023.6029510448,5,5,5,8
43494.9240464852,5,6,5,8
383822.395658567,5,7,5,8
22191568.8602691,5,8,5,8
12070.212419643,5,9,5,8
62283.7855479894,5,10,5,8
43842.171255561,1,1,5,9
25569.7010536814,1,2,5,9
597.571977483319,1,3,5,9
5340.230546381,1,4,5,9
2586.31290923426,1,5,5,9
3217.64455862962,1,6,5,9
17355.1497702432,1,7,5,9
5793.62742301698,1,8,5,9
3165.47073652848,1,9,5,9
2739.8375594251,1,10,5,9
408403.551571869,2,1,5,9
77485.3410154452,2,2,5,9
10488.1181191965,2,3,5,9
5959.47067602192,2,4,5,9
37797.0765238963,2,5,5,9
32829.2351890159,2,6,5,9
10246.3497096233,2,7,5,9
33681.0838713285,2,8,5,9
1928.59640280911,2,9,5,9
1502.65773868231,2,10,5,9
3446.85680252269,3,1,5,9
1271.42183286073,3,2,5,9
4.76637723301247,3,3,5,9
147.168850391263,3,4,5,9
141.234423551793,3,5,5,9
32.4914979392389,3,6,5,9
341.056857128793,3,7,5,9
604.328000772975,3,8,5,9
314.3426454142,3,9,5,9
28.5094235901618,3,10,5,9
1923.02364452758,4,1,5,9
1977.47210620166,4,2,5,9
106.477039959038,4,3,5,9
585.871918102405,4,4,5,9
147.477675758914,4,5,5,9
202.232537143282,4,6,5,9
1012.36653637687,4,7,5,9
79.7205844844378,4,8,5,9
227.320350273467,4,9,5,9
23.0494669858396,4,10,5,9
1358659.82599458,5,1,5,9
295593.065408176,5,2,5,9
9777.60053950155,5,3,5,9
56640.1182316144,5,4,5,9
36877.2896770079,5,5,5,9
28811.43857307,5,6,5,9
158784.15020738,5,7,5,9
77184.3219954949,5,8,5,9
3893446.89086949,5,9,5,9
86084.6922630348,5,10,5,9
497224.793575518,1,1,5,10
310516.29673867,1,2,5,10
2623.17711693211,1,3,5,10
126701.215321454,1,4,5,10
8973.78370709531,1,5,5,10
7066.59459772189,1,6,5,10
56804.0430952278,1,7,5,10
21555.3014553423,1,8,5,10
8236.17434357289,1,9,5,10
240011.497885831,1,10,5,10
5043051.79054761,2,1,5,10
977866.684163468,2,2,5,10
32339.105520921,2,3,5,10
106354.178912919,2,4,5,10
95254.104690149,2,5,5,10
89390.6328043019,2,6,5,10
59645.8167661279,2,7,5,10
139729.492741972,2,8,5,10
3601.25115157267,2,9,5,10
191984.136955724,2,10,5,10
46952.0804760182,3,1,5,10
20156.2015467087,3,2,5,10
16.4076758837056,3,3,5,10
3687.30911752636,3,4,5,10
440.541584645146,3,5,5,10
95.4459577634388,3,6,5,10
1292.68620259272,3,7,5,10
1844.46511469925,3,8,5,10
170.33945464497,3,9,5,10
1383.3996756594,3,10,5,10
29909.9544095456,4,1,5,10
20956.2110415146,4,2,5,10
317.683530993764,4,3,5,10
10929.2213240778,4,4,5,10
370.821046259474,4,5,5,10
419.934113667567,4,6,5,10
5110.62381278768,4,7,5,10
255.209880548718,4,8,5,10
475.91123776191,4,9,5,10
1178.74594479103,4,10,5,10
18296501.3833605,5,1,5,10
2884842.03827619,5,2,5,10
18596.6502665069,5,3,5,10
1054231.78757592,5,4,5,10
80218.3613378829,5,5,5,10
40441.1772970957,5,6,5,10
461716.94094363,5,7,5,10
160694.875817183,5,8,5,10
154893.704498571,5,9,5,10
184146448.372395,5,10,5,10
